name,file,template,loadspec,secondary,group,vol_min,vol_max,team_vol_mod,dist_min,dist_max,dist_reverb_max,volume_falloff_curve,reverb_falloff_curve,volume_min_falloff_curve,reverb_min_falloff_curve,limit_count,limit_type,entity_limit_count,entity_limit_type,pitch_min,pitch_max,team_pitch_mod,min_priority,max_priority,min_priority_threshold,max_priority_threshold,spatialized,type,loop,randomize_type,probability,start_delay,reverb_send,duck,pan,center_send,envelop_min,envelop_max,envelop_percentage,occlusion_level,occlusion_wet_dry,is_big,distance_lpf,move_type,move_time,real_delay,subtitle,mature,doppler,futz,context_type,context_value,compression,timescale,music,fade_in,fade_out,pc_format,pause,stop_on_death,bus,snapshot
# MUSIC,,,,,,,,,,,,,,,,,,,,,,,,,,,,,,,,,,,,,,,,,,,,,,,,,,,,,,,,,,,,,,
mus_zmbtron_island,mus\zombie\tron\zt_demo.wav,MUS_NORMAL_LOOP_2D,,,,97,97,,,,,,,,,,,,,,,,,,,,,,,,,,,,,,,,,,,,,,,,,,,,,,60,,,,,,,,,
mus_zmbtron_town,mus\zombie\tron\clockwork_squares.wav,MUS_NORMAL_LOOP_2D,,,,97,97,,,,,,,,,,,,,,,,,,,,,,,,,,,,,,,,,,,,,,,,,,,,,,60,,,,,,,,,
mus_zmbtron_prison,mus\zombie\tron\raining_teddy_bears_comp.wav,MUS_NORMAL_LOOP_2D,,,,97,97,,,,,,,,,,,,,,,,,,,,,,,,,,,,,,,,,,,,,,,,,,,,,,60,,,,,,,,,
mus_zmbtron_rooftop,mus\zombie\tron\laughing_corpses.wav,MUS_NORMAL_LOOP_2D,,,,97,97,,,,,,,,,,,,,,,,,,,,,,,,,,,,,,,,,,,,,,,,,,,,,,60,,,,,,,,,
mus_zmbtron_factory,mus\zombie\tron\gruuv_twilight.wav,MUS_NORMAL_LOOP_2D,,,,97,97,,,,,,,,,,,,,,,,,,,,,,,,,,,,,,,,,,,,,,,,,,,,,,60,,,,,,,,,
mus_zmbtron_snow,mus\zombie\tron\death_on_the_dance_floor.wav,MUS_NORMAL_LOOP_2D,,,,97,97,,,,,,,,,,,,,,,,,,,,,,,,,,,,,,,,,,,,,,,,,,,,,,60,,,,,,,,,
mus_zmbtron_temple,mus\zombie\tron\slasher_flick_comp.wav,MUS_NORMAL_LOOP_2D,,,,97,97,,,,,,,,,,,,,,,,,,,,,loaded,,,,,,,,,,,,,,,,,,,,,,,,,60,,,,,,,,,
mus_zmbtron_jungle,mus\zombie\tron\abra_macabre.wav,MUS_NORMAL_LOOP_2D,,,,97,97,,,,,,,,,,,,,,,,,,,,,,,,,,,,,,,,,,,,,,,,,,,,,,60,,,,,,,,,
mus_zmbtron_street,mus\zombie\tron\zt_demo.wav,MUS_NORMAL_LOOP_2D,,,,97,97,,,,,,,,,,,,,,,,,,,,,,,,,,,,,,,,,,,,,,,,,,,,,,60,,,,,,,,,
mus_zmbtron_bunker,mus\zombie\tron\death_on_the_dance_floor.wav,MUS_NORMAL_LOOP_2D,,,,97,97,,,,,,,,,,,,,,,,,,,,,,,,,,,,,,,,,,,,,,,,,,,,,,60,,,,,,,,,
mus_zmbtron_challenge,mus\zombie\tron\abra_macabre.wav,MUS_NORMAL_LOOP_2D,,,,99,99,,,,,,,,,,,,,,,,,,,,,,,,,,,,,,,,,,,,,,,,,,,,,,60,,,,,,,,,
mus_zmbtron_boss,mus\zombie\tron\slasher_flick_comp.wav,MUS_NORMAL_LOOP_2D,,,,97,97,,,,,,,,,,,,,,,,,,,,,loaded,,,,,,,,,,,,,,,,,,,,,,,,,60,,,,,,,,,
mus_zmbtron_fate,mus\zombie\tron\voice_in_your_head.wav,MUS_NORMAL_LOOP_2D,,,,99,99,,,,,,,,,,,,,,,,,,,,,loaded,,,,,,,,,,,,,,,,,,,,,,,,,60,,,,,,,,,
mus_zmbtron_bonus,mus\zombie\tron\temple.wav,MUS_NORMAL_LOOP_2D,,,,97,97,,,,,,,,,,,,,,,,,,,,,,,,,,,,,,,,,,,,,,,,,,,,,,60,,,,,,,,,
mus_zmbtron_end,mus\zombie\tron\zombie_dont_surf.wav,MUS_NORMAL_LOOP_2D,,,,97,97,,,,,,,,,,,,,,,,,,,,,loaded,,,,,,,,,,,,,,,,,,,,,,,,,60,,,,,,,,,
,,,,,,,,,,,,,,,,,,,,,,,,,,,,,,,,,,,,,,,,,,,,,,,,,,,,,,,,,,,,,,
# ISLAND (1-4),,,,,,,,,,,,,,,,,,,,,,,,,,,,,,,,,,,,,,,,,,,,,,,,,,,,,,,,,,,,,,
zmb_tron_victory_movie,evt\zombie_tron\victory\victory_movie.wav,MUS_NORMAL_2D,,,,100,100,,,,,,,,,,,,,,,,,,,,,,,,,,,,front,,,,,,,,,,,,,,,,,,,,,,,,,,,
,,,,,,,,,,,,,,,,,,,,,,,,,,,,,,,,,,,,,,,,,,,,,,,,,,,,,,,,,,,,,,
# AMBIENCES,,,,,,,,,,,,,,,,,,,,,,,,,,,,,,,,,,,,,,,,,,,,,,,,,,,,,,,,,,,,,,
amb_rain_2d,amb\weather\rain\2d\rain_2d_loop.wav,amb_bg_2d,,,,,,,,,,,,,,,,,,,,,,,,,,,,,,,,,,,,,,,,,,,,,,,,,,,,,,,,,,,,
amb_thunder_clap,amb\weather\thunder\clap,evt_2d,,amb_thunder_roll,,90,95,,,,,,,,,,,,,,,,,,,,,,,,,,,,,,,,,,,,,,,,,,,,,,,,,,,,,,,
amb_thunder_roll,amb\weather\thunder\distant,evt_2d,,,,88,92,,,,,,,,,,,,,,,,,,,,,,,,,,,,,,,,,,,,,,,,,,,,,,,,,,,,,,,
,,,,,,,,,,,,,,,,,,,,,,,,,,,,,,,,,,,,,,,,,,,,,,,,,,,,,,,,,,,,,,
# ISLAND (1-4),,,,,,,,,,,,,,,,,,,,,,,,,,,,,,,,,,,,,,,,,,,,,,,,,,,,,,,,,,,,,,
amb_island_looper,amb\environment\wind\calm\roomtone\wind_room.wav,amb_bg_2d,,,,93,93,,,,,,,,,,,,,,,,,,,,,,,,,,,,,,,,,,,,,,,,,,,,,,,,,,,,,,,
amb_island_boat,,amb_1000,,,,,,,,,,,,,,,,,,,,,,,,,,,,,,,,,,,,,,,,,,,,,,,,,,,,,,,,,,,,
amb_island_bridge,,amb_1000,,,,,,,,,,,,,,,,,,,,,,,,,,,,,,,,,,,,,,,,,,,,,,,,,,,,,,,,,,,,
amb_island_skull,,amb_1000,,,,,,,,,,,,,,,,,,,,,,,,,,,,,,,,,,,,,,,,,,,,,,,,,,,,,,,,,,,,
amb_island_shore,amb\environment\water\ocean\shore\lapping,amb_1000,,,,90,90,,,,,,,,,,,,,,,,,,,,,,looping,,,,,,,,,,,,,,,,,,,,,,,,,,,,,,,,,
,,,,,,,,,,,,,,,,,,,,,,,,,,,,,,,,,,,,,,,,,,,,,,,,,,,,,,,,,,,,,,
# TOWN (5-8),,,,,,,,,,,,,,,,,,,,,,,,,,,,,,,,,,,,,,,,,,,,,,,,,,,,,,,,,,,,,,
amb_town_looper,amb\environment\wind\calm\roomtone\wind_room.wav,amb_bg_2d,,,,93,93,,,,,,,,,,,,,,,,,,,,,,,,,,,,,,,,,,,,,,,,,,,,,,,,,,,,,,,
amb_town_fountain,amb\environment\water\waterfall\small\waterfall_small.wav,amb_1000,,,,94,94,,,,,,,,,,,,,,,,,,,,,,looping,,,,,,,,,,,,,,,,,,,,,,,,,,,,,,,,,
,,,,,,,,,,,,,,,,,,,,,,,,,,,,,,,,,,,,,,,,,,,,,,,,,,,,,,,,,,,,,,
# PRISON (9-12),,,,,,,,,,,,,,,,,,,,,,,,,,,,,,,,,,,,,,,,,,,,,,,,,,,,,,,,,,,,,,
amb_prison_looper,amb\stereo_backgrounds\vorkuta\vork_mine_bg_loop.wav,amb_bg_2d,,,,94,94,,,,,,,,,,,,,,,,,,,,,,,,,,,,,,,,,,,,,,,,,,,,,,,,,,,,,,,
,,,,,,,,,,,,,,,,,,,,,,,,,,,,,,,,,,,,,,,,,,,,,,,,,,,,,,,,,,,,,,
# FACTORY (13-16),,,,,,,,,,,,,,,,,,,,,,,,,,,,,,,,,,,,,,,,,,,,,,,,,,,,,,,,,,,,,,
amb_factory_looper,amb\environment\wind\calm\roomtone\wind_room.wav,amb_bg_2d,,,,94,94,,,,,,,,,,,,,,,,,,,,,,,,,,,,,,,,,,,,,,,,,,,,,,,,,,,,,,,
,,,,,,,,,,,,,,,,,,,,,,,,,,,,,,,,,,,,,,,,,,,,,,,,,,,,,,,,,,,,,,
# FARM (??),,,,,,,,,,,,,,,,,,,,,,,,,,,,,,,,,,,,,,,,,,,,,,,,,,,,,,,,,,,,,,
amb_farm_looper,amb\environment\wind\calm\roomtone\wind_room.wav,amb_bg_2d,,,,94,94,,,,,,,,,,,,,,,,,,,,,,,,,,,,,,,,,,,,,,,,,,,,,,,,,,,,,,,
,,,,,,,,,,,,,,,,,,,,,,,,,,,,,,,,,,,,,,,,,,,,,,,,,,,,,,,,,,,,,,
# ROOFTOP (17-20),,,,,,,,,,,,,,,,,,,,,,,,,,,,,,,,,,,,,,,,,,,,,,,,,,,,,,,,,,,,,,
amb_rooftop_looper,amb\stereo_backgrounds\kowloon\amb_kowloon_city_bg.wav,amb_bg_2d,,,,90,90,,,,,,,,,,,,,,,,,,,,,,,,,,,,,,,,,,,,,,,,,,,,,,,,,,,,,,,
amb_rooftop_neon_large,amb\lights\flourescent\flourescent.wav,amb_1000,,,,91,91,,,,,,,,,,,,,,,,,,,,,,looping,,,,,,,,,,,,,,,,,,,,,,,,,,,,,,,,,
amb_rooftop_neon_small,amb\lights\flourescent\flourescent.wav,amb_1000,,,,91,91,,,,,,,,,,,,,,,,,,,,,,looping,,,,,,,,,,,,,,,,,,,,,,,,,,,,,,,,,
,,,,,,,,,,,,,,,,,,,,,,,,,,,,,,,,,,,,,,,,,,,,,,,,,,,,,,,,,,,,,,
# SNOW (21-24),,,,,,,,,,,,,,,,,,,,,,,,,,,,,,,,,,,,,,,,,,,,,,,,,,,,,,,,,,,,,,
amb_snow_looper,amb\environment\wind\calm\roomtone\wind_room.wav,amb_bg_2d,,,,94,94,,,,,,,,,,,,,,,,,,,,,,,,,,,,,,,,,,,,,,,,,,,,,,,,,,,,,,,
amb_snow_creaker,,amb_1000,,,,,,,,,,,,,,,,,,,,,,,,,,,,,,,,,,,,,,,,,,,,,,,,,,,,,,,,,,,,
,,,,,,,,,,,,,,,,,,,,,,,,,,,,,,,,,,,,,,,,,,,,,,,,,,,,,,,,,,,,,,
# TEMPLE (25-28),,,,,,,,,,,,,,,,,,,,,,,,,,,,,,,,,,,,,,,,,,,,,,,,,,,,,,,,,,,,,,
amb_temple_looper,amb\environment\wind\calm\roomtone\wind_room.wav,amb_bg_2d,,,,94,94,,,,,,,,,,,,,,,,,,,,,,,,,,,,,,,,,,,,,,,,,,,,,,,,,,,,,,,
amb_temple_firehead,amb\environment\fire\medium\medium.wav,amb_1000,,,,94,94,,,,,,,,,,,,,,,,,,,,,,looping,,,,,,,,,,,,,,,,,,,,,,,,,,,,,,,,,
,,,,,,,,,,,,,,,,,,,,,,,,,,,,,,,,,,,,,,,,,,,,,,,,,,,,,,,,,,,,,,
# JUNGLE (29-32),,,,,,,,,,,,,,,,,,,,,,,,,,,,,,,,,,,,,,,,,,,,,,,,,,,,,,,,,,,,,,
amb_jungle_looper,amb\environment\wind\calm\roomtone\wind_room.wav,amb_bg_2d,,,,94,94,,,,,,,,,,,,,,,,,,,,,,,,,,,,,,,,,,,,,,,,,,,,,,,,,,,,,,,
amb_jungle_waterfall,amb\water\waterfall\amb_medium_waterfall.wav,amb_1000,,,,92,92,,,,,,,,,,,,,,,,,,,,,,looping,,,,,,,,,,,,,,,,,,,,,,,,,,,,,,,,,
amb_jungle_river,amb\environment\water\river\calm\run\run.wav,amb_1000,,,,92,92,,,,,,,,,,,,,,,,,,,,,,looping,,,,,,,,,,,,,,,,,,,,,,,,,,,,,,,,,
amb_jungle_firehead,amb\environment\fire\medium\medium.wav,amb_1000,,,,94,94,,,,,,,,,,,,,,,,,,,,,,looping,,,,,,,,,,,,,,,,,,,,,,,,,,,,,,,,,
,,,,,,,,,,,,,,,,,,,,,,,,,,,,,,,,,,,,,,,,,,,,,,,,,,,,,,,,,,,,,,
# JUNGLE (29-32),,,,,,,,,,,,,,,,,,,,,,,,,,,,,,,,,,,,,,,,,,,,,,,,,,,,,,,,,,,,,,
,,,,,,,,,,,,,,,,,,,,,,,,,,,,,,,,,,,,,,,,,,,,,,,,,,,,,,,,,,,,,,
,,,,,,,,,,,,,,,,,,,,,,,,,,,,,,,,,,,,,,,,,,,,,,,,,,,,,,,,,,,,,,
# Red Barrels,,,,,,,,,,,,,,,,,,,,,,,,,,,,,,,,,,,,,,,,,,,,,,,,,,,,,,,,,,,,,,
exp_tron_barrel,EXP\prop\barrel\new\barrel_b_00.wav,,,exp_tron_barrel_lfe,explosion,98,98,,1000,10000,15000,log2,log1,,,3,priority,,,-182,67,,90,99,0.25,0.8,3d,,,,,,96,,,,,,,,,,,,,,,,,,,,,,,,,,,,,explosion
exp_tron_barrel_lfe,EXP\prop\barrel\new\lfe\barrel_b_lfe_00.wav,,,,explosion,96,96,,1250,5000,5000,log2,log1,,,,,,,0,0,,50,95,0.25,1,3d,,,,,,96,,,,,,,,,,,,,,,,,,,,,,,,,,,,,explosion
exp_tron_barrel_fire,amb\environment\fire\medium\medium.wav,AMB_MID,,,explosion,98,98,,300,1500,2500,log2,log1,,,,,1,,,,,,,,,,,looping,,,,100,,,,,,,,,,,,,,,,,,,,,,,,,,,,,explosion
,,,,,,,,,,,,,,,,,,,,,,,,,,,,,,,,,,,,,,,,,,,,,,,,,,,,,,,,,,,,,,
# PLAYER SFX,,,,,,,,,,,,,,,,,,,,,,,,,,,,,,,,,,,,,,,,,,,,,,,,,,,,,,,,,,,,,,
# Player Shield,,,,,,,,,,,,,,,,,,,,,,,,,,,,,,,,,,,,,,,,,,,,,,,,,,,,,,,,,,,,,,
zmb_player_shield_full,evt\zombie_tron\player\shield\full.wav,evt_3d,,,,100,100,,1500,7500,8500,,,,,,,,,,,,,,,,,,,,,,,,,,,,,,,,,,,,,,,,,,,,,,,,,,,
zmb_player_shield_half,evt\zombie_tron\player\shield\half.wav,evt_3d,,,,100,100,,1500,7500,8500,,,,,,,,,,,,,,,,,,,,,,,,,,,,,,,,,,,,,,,,,,,,,,,,,,,
zmb_player_shield_end,evt\zombie_tron\player\shield\end.wav,evt_3d,,,,100,100,,1500,7500,8500,,,,,,,,,,,,,,,,,,,,,,,,,,,,,,,,,,,,,,,,,,,,,,,,,,,
,,,,,,,,,,,,,,,,,,,,,,,,,,,,,,,,,,,,,,,,,,,,,,,,,,,,,,,,,,,,,,
# Player Death,,,,,,,,,,,,,,,,,,,,,,,,,,,,,,,,,,,,,,,,,,,,,,,,,,,,,,,,,,,,,,
zmb_player_death,evt\zombie_tron\player\death,evt_3d,,,,100,100,,1500,5000,5500,,,,,,,,,,,,,,,,,,,,,,,,,,,,,,,,,,,,,,,,,,,,,,,,,,,
,,,,,,,,,,,,,,,,,,,,,,,,,,,,,,,,,,,,,,,,,,,,,,,,,,,,,,,,,,,,,,
# Player Respawn,,,,,,,,,,,,,,,,,,,,,,,,,,,,,,,,,,,,,,,,,,,,,,,,,,,,,,,,,,,,,,
zmb_player_respawn,evt\zombie_tron\player\spawn.wav,evt_3d,,,,100,100,,1500,7500,8500,,,,,,,,,,,,,,,,,,,,,,,,,,,,,,,,,,,,,,,,,,,,,,,,,,,
,,,,,,,,,,,,,,,,,,,,,,,,,,,,,,,,,,,,,,,,,,,,,,,,,,,,,,,,,,,,,,
# FATE,,,,,,,,,,,,,,,,,,,,,,,,,,,,,,,,,,,,,,,,,,,,,,,,,,,,,,,,,,,,,,
# Spawn,,,,,,,,,,,,,,,,,,,,,,,,,,,,,,,,,,,,,,,,,,,,,,,,,,,,,,,,,,,,,,
zmb_fate_spawn,evt\zombie_tron\fate\spawn.wav,evt_2d,,,,97,97,,,,,,,,,,,,,,,,,,,,,,,,,,,,,,,,,,,,,,,,,,,,,,,,,,,,,,,
zmb_fate_choose,evt\zombie_tron\fate\choose.wav,evt_2d,,,,97,97,,,,,,,,,,,,,,,,,,,,,,,,,,,,,,,,,,,,,,,,,,,,,,,,,,,,,,,
zmb_fate_decided,evt\zombie_tron\fate\spawn.wav,evt_2d,,,,97,97,,,,,,,,,,,,,,,,,,,,,,,,,,,,,,,,,,,,,,,,,,,,,,,,,,,,,,,
,,,,,,,,,,,,,,,,,,,,,,,,,,,,,,,,,,,,,,,,,,,,,,,,,,,,,,,,,,,,,,
# WEAPONS: All Setting Specific To Zombietron,,,,,,,,,,,,,,,,,,,,,,,,,,,,,,,,,,,,,,,,,,,,,,,,,,,,,,,,,,,,,,
# Default MG,,,,,,,,,,,,,,,,,,,,,,,,,,,,,,,,,,,,,,,,,,,,,,,,,,,,,,,,,,,,,,
# plr,,,,,,,,,,,,,,,,,,,,,,,,,,,,,,,,,,,,,,,,,,,,,,,,,,,,,,,,,,,,,,
wpn_mg_fire_loop_zt_plr,wpn\turret\gaz_50_single\npc\loop,evt_3d,,,wpn_npc,100,100,,1500,2500,3000,,,,,,,1,reject,,,,,,,,,,looping,,,,,,,,,,,,,,,,,,,,,,,,,,,,,,,,,wpn_npc
,,,,,,,,,,,,,,,,,,,,,,,,,,,,,,,,,,,,,,,,,,,,,,,,,,,,,,,,,,,,,,
# npc,,,,,,,,,,,,,,,,,,,,,,,,,,,,,,,,,,,,,,,,,,,,,,,,,,,,,,,,,,,,,,
wpn_mg_fire_loop_zt_npc,wpn\turret\gaz_50_single\npc\loop,evt_3d,,,wpn_npc,100,100,,1500,2500,3000,,,,,,,1,reject,,,,,,,,,,looping,,,,,,,,,,,,,,,,,,,,,,,,,,,,,,,,,wpn_npc
,,,,,,,,,,,,,,,,,,,,,,,,,,,,,,,,,,,,,,,,,,,,,,,,,,,,,,,,,,,,,,
# SHOTGUN,,,,,,,,,,,,,,,,,,,,,,,,,,,,,,,,,,,,,,,,,,,,,,,,,,,,,,,,,,,,,,
# plr,,,,,,,,,,,,,,,,,,,,,,,,,,,,,,,,,,,,,,,,,,,,,,,,,,,,,,,,,,,,,,
wpn_shot_fire_zt_plr,wpn\shotgun\ithaca\plr\shot,evt_3d,,,wpn_npc,94,94,,1500,2500,3000,,,,,,,2,oldest,,,,,,,,,,,,,,,,,,,,,,,,,,,,,,,,,,,,,,,,,,,wpn_npc
,,,,,,,,,,,,,,,,,,,,,,,,,,,,,,,,,,,,,,,,,,,,,,,,,,,,,,,,,,,,,,
# npc,,,,,,,,,,,,,,,,,,,,,,,,,,,,,,,,,,,,,,,,,,,,,,,,,,,,,,,,,,,,,,
wpn_shot_fire_zt_npc,wpn\shotgun\ithaca\plr\shot,evt_3d,,,wpn_npc,94,94,,1500,2500,3000,,,,,,,2,oldest,,,,,,,,,,,,,,,,,,,,,,,,,,,,,,,,,,,,,,,,,,,wpn_npc
,,,,,,,,,,,,,,,,,,,,,,,,,,,,,,,,,,,,,,,,,,,,,,,,,,,,,,,,,,,,,,
# MINIGUN,,,,,,,,,,,,,,,,,,,,,,,,,,,,,,,,,,,,,,,,,,,,,,,,,,,,,,,,,,,,,,
# plr,,,,,,,,,,,,,,,,,,,,,,,,,,,,,,,,,,,,,,,,,,,,,,,,,,,,,,,,,,,,,,
wpn_minigun_fire_loop_zt_plr,wpn\lmg\minigun\dmachine\npc\loop,evt_3d,,,wpn_npc,96,96,,1500,2500,3000,,,,,,,1,reject,,,,,,,,,,looping,,,,100,,,,,,,,,,,,,,,,,,,,,,,,,,,,,wpn_npc
wpn_minigun_fire_end_zt_plr,wpn\lmg\minigun\wpn_minigun_shot_loop_ring_npc.wav,evt_3d,,,wpn_npc,96,96,,1500,2500,3000,,,,,,,1,reject,,,,,,,,,,,,,,,,,,,,,,,,,,,,,,,,,,,,,,,,,,,wpn_npc
wpn_minigun_start_plr,wpn\lmg\minigun\dmachine\plr\wpn_minigun_start_plr.wav,evt_3d,,,wpn_npc,96,96,,1500,2500,3000,,,,,,,1,reject,,,,,,,,,,,,,,,,,,,,,,,,,,,,,,,,,,,,,,,,,,,wpn_npc
wpn_minigun_stop_plr,wpn\lmg\minigun\dmachine\plr\wpn_minigun_stop_plr.wav,evt_3d,,,wpn_npc,96,96,,1500,2500,3000,,,,,,,1,reject,,,,,,,,,,,,,,,,,,,,,,,,,,,,,,,,,,,,,,,,,,,wpn_npc
wpn_minigun_loop_plr,wpn\lmg\minigun\dmachine\plr\wpn_minigun_loop_plr.wav,evt_3d,,,wpn_npc,96,96,,1500,2500,3000,,,,,,,1,reject,,,,,,,,,,looping,,,,,,,,,,,,,,,,,,,,,,,,,,,,,,,,,wpn_npc
,,,,,,,,,,,,,,,,,,,,,,,,,,,,,,,,,,,,,,,,,,,,,,,,,,,,,,,,,,,,,,
# npc,,,,,,,,,,,,,,,,,,,,,,,,,,,,,,,,,,,,,,,,,,,,,,,,,,,,,,,,,,,,,,
wpn_minigun_fire_loop_zt_npc,wpn\lmg\minigun\dmachine\npc\loop,evt_3d,,,wpn_npc,96,96,,1500,2500,3000,,,,,,,1,reject,,,,,,,,,,looping,,,,100,,,,,,,,,,,,,,,,,,,,,,,,,,,,,wpn_npc
wpn_minigun_fire_end_zt_npc,wpn\lmg\minigun\wpn_minigun_shot_loop_ring_npc.wav,evt_3d,,,wpn_npc,96,96,,1500,2500,3000,,,,,,,1,reject,,,,,,,,,,,,,,,,,,,,,,,,,,,,,,,,,,,,,,,,,,,wpn_npc
wpn_minigun_start_npc,wpn\lmg\minigun\dmachine\plr\wpn_minigun_start_plr.wav,evt_3d,,,wpn_npc,96,96,,1500,2500,3000,,,,,,,1,reject,,,,,,,,,,,,,,,,,,,,,,,,,,,,,,,,,,,,,,,,,,,wpn_npc
wpn_minigun_stop_npc,wpn\lmg\minigun\dmachine\plr\wpn_minigun_stop_plr.wav,evt_3d,,,wpn_npc,96,96,,1500,2500,3000,,,,,,,1,reject,,,,,,,,,,,,,,,,,,,,,,,,,,,,,,,,,,,,,,,,,,,wpn_npc
wpn_minigun_loop_npc,wpn\lmg\minigun\dmachine\plr\wpn_minigun_loop_plr.wav,evt_3d,,,wpn_npc,96,96,,1500,2500,3000,,,,,,,1,reject,,,,,,,,,,looping,,,,,,,,,,,,,,,,,,,,,,,,,,,,,,,,,wpn_npc
,,,,,,,,,,,,,,,,,,,,,,,,,,,,,,,,,,,,,,,,,,,,,,,,,,,,,,,,,,,,,,
# RAY GUN,,,,,,,,,,,,,,,,,,,,,,,,,,,,,,,,,,,,,,,,,,,,,,,,,,,,,,,,,,,,,,
# plr,,,,,,,,,,,,,,,,,,,,,,,,,,,,,,,,,,,,,,,,,,,,,,,,,,,,,,,,,,,,,,
wpn_rgun_fire_zt_plr,wpn\energy\raygun\npc\shot,evt_3d,,,wpn_npc,100,100,,2500,5000,7500,,,,,,,4,oldest,-34,34,,70,90,0.25,1,3d,,,,,,,,,,,,,,,,,,,,,,,,,,,,,,,,,,,wpn_npc
,,,,,,,,,,,,,,,,,,,,,,,,,,,,,,,,,,,,,,,,,,,,,,,,,,,,,,,,,,,,,,
# npc,,,,,,,,,,,,,,,,,,,,,,,,,,,,,,,,,,,,,,,,,,,,,,,,,,,,,,,,,,,,,,
wpn_rgun_fire_zt_npc,wpn\energy\raygun\npc\shot,evt_3d,,,wpn_npc,99,99,,2500,5000,7500,,,,,,,4,oldest,-34,34,,70,90,0.25,1,3d,,,,,,,,,,,,,,,,,,,,,,,,,,,,,,,,,,,wpn_npc
,,,,,,,,,,,,,,,,,,,,,,,,,,,,,,,,,,,,,,,,,,,,,,,,,,,,,,,,,,,,,,
# projectile,,,,,,,,,,,,,,,,,,,,,,,,,,,,,,,,,,,,,,,,,,,,,,,,,,,,,,,,,,,,,,
wpn_rgun_zt_loop,wpn\energy\raygun\projectile\loop,evt_3d,,,wpn_npc,97,97,,2500,5000,7500,,,,,,,8,oldest,-34,34,,70,90,0.25,1,3d,,looping,,,,,,,,,,,,,yes,,,,,,,yes,,,,,,,,,,,,,wpn_npc
wpn_rgun_fire_explo_zt,wpn\energy\raygun\projectile\impact\wpn_ray_exp_cl.wav,evt_3d,,,wpn_npc,100,100,,2500,5000,7500,,,,,,,8,oldest,-34,34,,70,90,0.25,1,3d,,,,,250,,,,,,,,,,yes,,,,,,,,,,,,,,,,,,,,wpn_npc
,,,,,,,,,,,,,,,,,,,,,,,,,,,,,,,,,,,,,,,,,,,,,,,,,,,,,,,,,,,,,,
# ROCKET LAUNCHER,,,,,,,,,,,,,,,,,,,,,,,,,,,,,,,,,,,,,,,,,,,,,,,,,,,,,,,,,,,,,,
# plr,,,,,,,,,,,,,,,,,,,,,,,,,,,,,,,,,,,,,,,,,,,,,,,,,,,,,,,,,,,,,,
wpn_rpg_fire_zt_plr,wpn\rocket\rpg\plr\shot,evt_3d,,,wpn_npc,97,97,,1500,5000,7500,,,,,,,2,oldest,,,,,,,,,,,,,,,,,,,,,,,,,,,,,,,,,,,,,,,,,,,wpn_npc
,,,,,,,,,,,,,,,,,,,,,,,,,,,,,,,,,,,,,,,,,,,,,,,,,,,,,,,,,,,,,,
# npc,,,,,,,,,,,,,,,,,,,,,,,,,,,,,,,,,,,,,,,,,,,,,,,,,,,,,,,,,,,,,,
wpn_rpg_fire_zt_npc,wpn\rocket\rpg\plr\shot,evt_3d,,,wpn_npc,97,97,,1500,5000,7500,,,,,,,2,oldest,,,,,,,,,,,,,,,,,,,,,,,,,,,,,,,,,,,,,,,,,,,wpn_npc
,,,,,,,,,,,,,,,,,,,,,,,,,,,,,,,,,,,,,,,,,,,,,,,,,,,,,,,,,,,,,,
# projectile,,,,,,,,,,,,,,,,,,,,,,,,,,,,,,,,,,,,,,,,,,,,,,,,,,,,,,,,,,,,,,
wpn_rpg_zt_loop,prj\rocket\rpg\whoosh\close,evt_3d,,,wpn_npc,94,94,,1500,5000,7500,,,,,,,5,oldest,,,,,,,,,,looping,,,,,,,,,,,,,,,,,,,,yes,,,,,,,,,,,,,wpn_npc
wpn_rpg_fire_explo_zt,wpn\grenade\explosion\explode,evt_3d,,,wpn_npc,97,97,,1500,5000,7500,,,,,,,5,oldest,,,,,,,,,,,,,,,,,,,,,,,,,,,,,,,,,,,,,,,,,,,wpn_npc
,,,,,,,,,,,,,,,,,,,,,,,,,,,,,,,,,,,,,,,,,,,,,,,,,,,,,,,,,,,,,,
# GRENADE LAUNCHER,,,,,,,,,,,,,,,,,,,,,,,,,,,,,,,,,,,,,,,,,,,,,,,,,,,,,,,,,,,,,,
# plr,,,,,,,,,,,,,,,,,,,,,,,,,,,,,,,,,,,,,,,,,,,,,,,,,,,,,,,,,,,,,,
wpn_grlaun_fire_zt_plr,wpn\gren_launcher\china_lake\plr\shot,evt_3d,,,wpn_npc,98,98,,1500,2500,3000,,,,,,,3,oldest,-300,200,,,,,,,,,,,,,,,,,,,,,,,,,,,,,,,,,,,,,,,,,wpn_npc
,,,,,,,,,,,,,,,,,,,,,,,,,,,,,,,,,,,,,,,,,,,,,,,,,,,,,,,,,,,,,,
# npc,,,,,,,,,,,,,,,,,,,,,,,,,,,,,,,,,,,,,,,,,,,,,,,,,,,,,,,,,,,,,,
wpn_grlaun_fire_zt_npc,wpn\gren_launcher\china_lake\plr\shot,evt_3d,,,wpn_npc,98,98,,1500,2500,3000,,,,,,,3,oldest,-300,200,,,,,,,,,,,,,,,,,,,,,,,,,,,,,,,,,,,,,,,,,wpn_npc
,,,,,,,,,,,,,,,,,,,,,,,,,,,,,,,,,,,,,,,,,,,,,,,,,,,,,,,,,,,,,,
# projectile,,,,,,,,,,,,,,,,,,,,,,,,,,,,,,,,,,,,,,,,,,,,,,,,,,,,,,,,,,,,,,
wpn_glaun_fire_explo_zt,wpn\grenade\explosion\explode,evt_3d,,,wpn_npc,97,97,,1500,2500,3000,,,,,,,5,oldest,,,,,,,,,,,,,,,,,,,,,,,,,,,,,,,,,,,,,,,,,,,wpn_npc
,,,,,,,,,,,,,,,,,,,,,,,,,,,,,,,,,,,,,,,,,,,,,,,,,,,,,,,,,,,,,,
# FLAMETHROWER,,,,,,,,,,,,,,,,,,,,,,,,,,,,,,,,,,,,,,,,,,,,,,,,,,,,,,,,,,,,,,
# npc,,,,,,,,,,,,,,,,,,,,,,,,,,,,,,,,,,,,,,,,,,,,,,,,,,,,,,,,,,,,,,
wpn_flamethrower_start_3p,wpn\flame\npc\start,evt_3d,,,wpn_npc,96,96,,1500,2500,3000,,,,,,,1,reject,0,0,,70,90,0.35,1,2d,,,,,,,,,,,,,,,,,,,,,,,,,,,,,,,,,,,wpn_npc
wpn_flamethrower_fireloop_3p,wpn\flame\npc\loop,evt_3d,,,wpn_npc,96,96,,1500,2500,3000,,,,,,,1,reject,0,0,,70,90,0.35,1,2d,,looping,,,,,,,,,,,,,,,,,,,,,,,,,,,,,,,,,wpn_npc
wpn_flamerthrower_cooldown_3p,wpn\flame\npc\stop,evt_3d,,,wpn_npc,96,96,,1500,2500,3000,,,,,,,1,reject,0,0,,70,90,0.35,1,2d,,,,,,,,,,,,,,,,,,,,,,,,,,,,,,,,,,,wpn_npc
wpn_flamerthrower_off_3p,,evt_3d,,,wpn_npc,96,96,,1500,2500,3000,,,,,,,1,reject,0,0,,70,90,0.35,1,2d,,,,,,,,,,,,,,,,,,,,,,,,,,,,,,,,,,,wpn_npc
,,,,,,,,,,,,,,,,,,,,,,,,,,,,,,,,,,,,,,,,,,,,,,,,,,,,,,,,,,,,,,
# SPECIAL WEAPONS,,,,,,,,,,,,,,,,,,,,,,,,,,,,,,,,,,,,,,,,,,,,,,,,,,,,,,,,,,,,,,
# SPRINT RUN (MACKEREL),,,,,,,,,,,,,,,,,,,,,,,,,,,,,,,,,,,,,,,,,,,,,,,,,,,,,,,,,,,,,,
zmb_speed_boost_activate,evt\zombie_tron\speed_boost\speed_boost_00.wav,evt_3d,,,,98,98,,,,,,,,,,,,,,,,,,,,,,,,,,,,,,,,,,,,,,,,,,,,,,,,,,,,,,,
,,,,,,,,,,,,,,,,,,,,,,,,,,,,,,,,,,,,,,,,,,,,,,,,,,,,,,,,,,,,,,
# NUKE,,,,,,,,,,,,,,,,,,,,,,,,,,,,,,,,,,,,,,,,,,,,,,,,,,,,,,,,,,,,,,
zmb_nuke_incoming,evt\zombie_tron\nuke\incoming.wav,evt_2d,,,event,98,98,,,,,,,,,3,reject,,,0,0,,,,,,,,,,,,100,,,,,,,0.25,,,,center_player,2000,,,,,,,,,,,,,,,,,event
zmb_nuke_impact,evt\zombie_global\nuke\nuke_flash.wav,evt_2d,,evt_dew_80hz,event,98,98,,,,,,,,,1,reject,,,0,0,,,,,,,,,,,,100,,all,,,,,0.25,,,,,,,,,,,,,,,,,,,,,,event
evt_dew_80hz,amb\lfe\dew\evt_dew_80.wav,evt_2d,,,event,98,98,,,,,,,,,1,reject,,,0,0,,,,,,,,,,,,100,,all,,,,,0.25,,,,,,,,,,,,,,,,,,,,,,event
,,,,,,,,,,,,,,,,,,,,,,,,,,,,,,,,,,,,,,,,,,,,,,,,,,,,,,,,,,,,,,
# MONKEYBOMB,,,,,,,,,,,,,,,,,,,,,,,,,,,,,,,,,,,,,,,,,,,,,,,,,,,,,,,,,,,,,,
zmb_monkeybomb_cym,evt\zombie_tron\monkey_bomb\cymbal.wav,evt_3d,,,,95,95,,1500,2500,3000,,,,,,,,,,,,,,,,,,,,,,,,,,,,,,,,,,,,,,,,,,,,,,,,,,,
zmb_monkey_explo,wpn\grenade\explosion\explode,evt_3d,,,,98,98,,1500,2500,3000,,,,,,,,,,,,,,,,,,,,,,,,,,,,,,,,,,,,,,,,,,,,,,,,,,,wpn_npc
,,,,,,,,,,,,,,,,,,,,,,,,,,,,,,,,,,,,,,,,,,,,,,,,,,,,,,,,,,,,,,
# HELICOPTER,,,,,,,,,,,,,,,,,,,,,,,,,,,,,,,,,,,,,,,,,,,,,,,,,,,,,,,,,,,,,,
# Vehicle,,,,,,,,,,,,,,,,,,,,,,,,,,,,,,,,,,,,,,,,,,,,,,,,,,,,,,,,,,,,,,
veh_hind_turbine_zt,veh\helo\generic\turbine\generic_turbine.wav,evt_3d,,,vehicle,96,96,,1500,2500,3000,,,,,3,priority,1,reject,-52,67,,,,,,,,looping,pitch,,,,,,,,,,0,,,no,,,,,,,,,,,,,,,,,,,vehicle
veh_hind_rotor_zt,veh\helo\mp_hind\rotor\rotor.wav,evt_3d,,,vehicle,98,98,,1500,5000,7500,,,,,3,priority,1,reject,-52,67,,,,,,,,looping,pitch,,,,,,,,,,0,,,no,,,,,,,,,,,,,,,,,,,vehicle
,,,,,,,,,,,,,,,,,,,,,,,,,,,,,,,,,,,,,,,,,,,,,,,,,,,,,,,,,,,,,,
# Weapons,,,,,,,,,,,,,,,,,,,,,,,,,,,,,,,,,,,,,,,,,,,,,,,,,,,,,,,,,,,,,,
wpn_heli_mg_zt_plr,wpn\lmg\m60\plr\shot,evt_3d,,,,94,94,,1500,2500,3000,,,,,2,oldest,,,,,,,,,,,,,,,,,,,,,,,,,,,,,,,,,,,,,,,,,,,,,wpn_npc
wpn_heli_rocket_zt_plr,wpn\rocket\rpg\plr\shot,evt_3d,,,,94,94,,1500,2500,3000,,,,,2,oldest,,,,,,,,,,,,,,,,,,,,,,,,,,,,,,,,,,,,,,,,,,,,,wpn_npc
,,,,,,,,,,,,,,,,,,,,,,,,,,,,,,,,,,,,,,,,,,,,,,,,,,,,,,,,,,,,,,
wpn_heli_mg_zt_npc,wpn\lmg\m60\plr\shot,evt_3d,,,,94,94,,1500,2500,3000,,,,,2,oldest,,,,,,,,,,,,,,,,,,,,,,,,,,,,,,,,,,,,,,,,,,,,,wpn_npc
wpn_heli_rocket_zt_npc,wpn\rocket\rpg\plr\shot,evt_3d,,,,94,94,,1500,2500,3000,,,,,2,oldest,,,,,,,,,,,,,,,,,,,,,,,,,,,,,,,,,,,,,,,,,,,,,wpn_npc
,,,,,,,,,,,,,,,,,,,,,,,,,,,,,,,,,,,,,,,,,,,,,,,,,,,,,,,,,,,,,,
wpn_heli_rocket_zt_loop,prj\rocket\rpg\whoosh\close,evt_3d,,,,92,92,,1500,2500,3000,,,,,,,,,,,,,,,,,,looping,,,,,,,,,,,,,,,,,,,,yes,,,,,,,,,,,,,wpn_npc
wpn_heli_rocket_zt_explo,wpn\grenade\explosion\explode,evt_3d,,,,94,94,,1500,2500,3000,,,,,,,,,,,,,,,,,,,,,,,,,,,,,,,,,,,,,,,,,,,,,,,,,,,wpn_npc
,,,,,,,,,,,,,,,,,,,,,,,,,,,,,,,,,,,,,,,,,,,,,,,,,,,,,,,,,,,,,,
# TANK (THE BEAST),,,,,,,,,,,,,,,,,,,,,,,,,,,,,,,,,,,,,,,,,,,,,,,,,,,,,,,,,,,,,,
# Vehicle,,,,,,,,,,,,,,,,,,,,,,,,,,,,,,,,,,,,,,,,,,,,,,,,,,,,,,,,,,,,,,
veh_t55_mini_idle_zt,veh\tank\t55\idle\idle_00.wav,evt_3d,,,vehicle,92,92,,1500,2500,3000,,,,,3,priority,1,reject,-52,67,,,,,,,,looping,pitch,,,,,,,,,,0,,,no,,,,,,,,,,,,,,,,,,,vehicle
veh_t55_mini_move_zt,veh\tank\t55\move\move_00.wav,evt_3d,,,vehicle,98,98,,1500,5000,7500,,,,,3,priority,1,reject,-52,67,,,,,,,,looping,pitch,,,,,,,,,,0,,,no,,,,,,,,,,,,,,,,,,,vehicle
,,,,,,,,,,,,,,,,,,,,,,,,,,,,,,,,,,,,,,,,,,,,,,,,,,,,,,,,,,,,,,
# Weapons,,,,,,,,,,,,,,,,,,,,,,,,,,,,,,,,,,,,,,,,,,,,,,,,,,,,,,,,,,,,,,
wpn_tank_rocket_zt_plr,wpn\rocket\rpg\plr\shot,evt_2d,,,,94,94,,1500,2500,3000,,,,,2,oldest,,,,,,,,,,,,,,,,,,,,,,,,,,,,,,,,,,,,,,,,,,,,,wpn_npc
,,,,,,,,,,,,,,,,,,,,,,,,,,,,,,,,,,,,,,,,,,,,,,,,,,,,,,,,,,,,,,
wpn_tank_rocket_zt_npc,wpn\rocket\rpg\plr\shot,evt_3d,,,,94,94,,1500,2500,3000,,,,,2,oldest,,,,,,,,,,,,,,,,,,,,,,,,,,,,,,,,,,,,,,,,,,,,,wpn_npc
,,,,,,,,,,,,,,,,,,,,,,,,,,,,,,,,,,,,,,,,,,,,,,,,,,,,,,,,,,,,,,
wpn_tank_rocket_zt_loop,prj\rocket\rpg\whoosh\close,evt_3d,,,,90,90,,1500,2500,3000,,,,,,,,,,,,,,,,,,looping,,,,,,,,,,,,,,,,,,,,yes,,,,,,,,,,,,,wpn_npc
wpn_tank_rocket_zt_explo,wpn\grenade\explosion\explode,evt_3d,,,,94,94,,1500,2500,3000,,,,,,,,,,,,,,,,,,,,,,,,,,,,,,,,,,,,,,,,,,,,,,,,,,,wpn_npc
,,,,,,,,,,,,,,,,,,,,,,,,,,,,,,,,,,,,,,,,,,,,,,,,,,,,,,,,,,,,,,
# UNMANNED TURRET,,,,,,,,,,,,,,,,,,,,,,,,,,,,,,,,,,,,,,,,,,,,,,,,,,,,,,,,,,,,,,
# Events,,,,,,,,,,,,,,,,,,,,,,,,,,,,,,,,,,,,,,,,,,,,,,,,,,,,,,,,,,,,,,
evt_turret_incoming,evt\zombie_tron\mini_turret\incoming.wav,evt_2d,,,,100,100,,,,,,,,,,,,,,,,,,,,,,,,,,,,,,,,,,,,,,,,,,,,,,,,,,,,,,,
evt_turret_land,evt\zombie_tron\mini_turret\landing.wav,evt_2d,,,,100,100,,,,,,,,,,,,,,,,,,,,,,,,,,,,,,,,,,,,,,,,,,,,,,,,,,,,,,,
evt_turret_takeoff,evt\zombie_tron\mini_turret\takeoff.wav,evt_2d,,,,98,98,,,,,,,,,,,,,,,,,,,,,,,,,,,,,,,,,,,,,,,,,,,,,,,,,,,,,,,
,,,,,,,,,,,,,,,,,,,,,,,,,,,,,,,,,,,,,,,,,,,,,,,,,,,,,,,,,,,,,,
# Weapon,,,,,,,,,,,,,,,,,,,,,,,,,,,,,,,,,,,,,,,,,,,,,,,,,,,,,,,,,,,,,,
wpn_turret_fire_zt_npc,wpn\lmg\m60\plr\shot,evt_3d,,,,95,95,,1500,2500,3000,,,,,,,2,oldest,,,,,,,,,,,,,,,,,,,,,,,,,,,,,,,,,,,,,,,,,,,wpn_npc
,,,,,,,,,,,,,,,,,,,,,,,,,,,,,,,,,,,,,,,,,,,,,,,,,,,,,,,,,,,,,,
# POWER-UPS,,,,,,,,,,,,,,,,,,,,,,,,,,,,,,,,,,,,,,,,,,,,,,,,,,,,,,,,,,,,,,
# BARREL BARRIER,,,,,,,,,,,,,,,,,,,,,,,,,,,,,,,,,,,,,,,,,,,,,,,,,,,,,,,,,,,,,,
zmb_pwup_barrel_start,,evt_3d,,,,95,95,,1500,2500,3000,,,,,,,,,,,,,,,,,,,,,,,,,,,,,,,,,,,,,,,,,,,,,,,,,,,
zmb_pwup_barrel_loop,evt\zombie_global\powerup\dbl_points\loop\loop_00.wav,evt_3d,,,,95,95,,1500,2500,3000,,,,,,,1,oldest,,,,,,,,,,looping,,,,,,,,,,,,,,,,,,,,,,,,,,,,,,,,,
zmb_pwup_barrel_end,evt\zombie_global\powerup\dbl_points\off\off_00.wav,evt_3d,,,,95,95,,1500,2500,3000,,,,,,,,,,,,,,,,,,,,,,,,,,,,,,,,,,,,,,,,,,,,,,,,,,,
zmb_pwup_barrel_impact,evt\zombie_tron\powerup\barrel\impact,evt_3d,,,,100,100,,1500,2500,3000,,,,,,,,,,,,,,,,,,,,,,,,,,,,,,,,,,,,,,,,,,,,,,,,,,,
zmb_pwup_barrel_fall_0,evt\zombie_tron\powerup\barrel\fall\fall_00.wav,evt_3d,,,,100,100,,1500,2500,3000,,,,,,,,,,,,,,,,,,,,,,,,,,,,,,,,,,,,,,,,,,,,,,,,,,,
zmb_pwup_barrel_fall_1,evt\zombie_tron\powerup\barrel\fall\fall_01.wav,evt_3d,,,,100,100,,1500,2500,3000,,,,,,,,,,,,,,,,,,,,,,,,,,,,,,,,,,,,,,,,,,,,,,,,,,,
,,,,,,,,,,,,,,,,,,,,,,,,,,,,,,,,,,,,,,,,,,,,,,,,,,,,,,,,,,,,,,
# ELECTRICAL COCONUTS (TESLA),,,,,,,,,,,,,,,,,,,,,,,,,,,,,,,,,,,,,,,,,,,,,,,,,,,,,,,,,,,,,,
zmb_pwup_coco_start,,evt_3d,,,,95,95,,1500,2500,3000,,,,,,,,,,,,,,,,,,,,,,,,,,,,,,,,,,,,,,,,,,,,,,,,,,,
zmb_pwup_coco_loop,evt\zombie_global\powerup\instakill\loop\loop_00.wav,evt_3d,,,,95,95,,1500,2500,3000,,,,,,,1,oldest,,,,,,,,,,looping,,,,,,,,,,,,,,,,,,,,,,,,,,,,,,,,,
zmb_pwup_coco_end,evt\zombie_global\powerup\instakill\instakill_00.wav,evt_3d,,,,95,95,,1500,2500,3000,,,,,,,,,,,,,,,,,,,,,,,,,,,,,,,,,,,,,,,,,,,,,,,,,,,
,,,,,,,,,,,,,,,,,,,,,,,,,,,,,,,,,,,,,,,,,,,,,,,,,,,,,,,,,,,,,,
zmb_pwup_coco_impact,wpn\energy\dg2\projectile\impact\proj_impact.wav,evt_3d,,zmb_pwup_coco_impact2,,97,97,,1500,2500,3000,,,,,,,,,,,,,,,,,,,,,,,,,,,,,,,,,,,,,,,,,,,,,,,,,,,
zmb_pwup_coco_impact2,amb\industrial\power\arcs\short,evt_3d,,zmb_pwup_coco_body_sizzle,,97,97,,1500,2500,3000,,,,,,,,,,,,,,,,,,,,,,,,,,,,,,,,,,,,,,,,,,,,,,,,,,,
zmb_pwup_coco_body_sizzle,fly\body_burn\sizzle,evt_3d,,zmb_pwup_coco_vox,,97,97,,1500,2500,3000,,,,,,,,,,,,,,,,,,,,,,,,,,,,,,,,,,,,,,,,,,,,,,,,,,,
zmb_pwup_coco_vox,vox\zmb\standard\elec,evt_3d,,,,97,97,,1500,2500,3000,,,,,,,,,,,,,,,,,,,,,,,,,,,,,,,,,,,,,,,,,,,,,,,,,,,
zmb_pwup_coco_bounce,wpn\energy\dg2\effects\bounce,evt_3d,,,,97,97,,1500,2500,3000,,,,,,,,,,,,,,,,,,,,,,,,,,,,,,,,,,,,,,,,,,,,,,,,,,,
,,,,,,,,,,,,,,,,,,,,,,,,,,,,,,,,,,,,,,,,,,,,,,,,,,,,,,,,,,,,,,
# STUN BEAR,,,,,,,,,,,,,,,,,,,,,,,,,,,,,,,,,,,,,,,,,,,,,,,,,,,,,,,,,,,,,,
zmb_pwup_bear_start,,evt_3d,,,,95,95,,1500,2500,3000,,,,,,,,,,,,,,,,,,,,,,,,,,,,,,,,,,,,,,,,,,,,,,,,,,,
zmb_pwup_bear_loop,evt\zombie_global\powerup\loop\loop_00.wav,evt_3d,,,,95,95,,1500,2500,3000,,,,,,,1,oldest,,,,,,,,,,looping,,,,,,,,,,,,,,,,,,,,,,,,,,,,,,,,,
zmb_pwup_bear_end,evt\zombie_global\powerup\max_ammo\max_ammo_00.wav,evt_3d,,,,95,95,,1500,2500,3000,,,,,,,,,,,,,,,,,,,,,,,,,,,,,,,,,,,,,,,,,,,,,,,,,,,
zmb_pwup_bear_stun,evt\zombie_tron\powerup\bear\stun,evt_3d,,,,97,97,,1500,2500,3000,,,,,,,,,,,,,,,,,,,,,,,,,,,,,,,,,,,,,,,,,,,,,,,,,,,
,,,,,,,,,,,,,,,,,,,,,,,,,,,,,,,,,,,,,,,,,,,,,,,,,,,,,,,,,,,,,,
# SPEED BOOTS,,,,,,,,,,,,,,,,,,,,,,,,,,,,,,,,,,,,,,,,,,,,,,,,,,,,,,,,,,,,,,
zmb_pwup_speed_start,,evt_3d,,,,95,95,,1500,2500,3000,,,,,,,,,,,,,,,,,,,,,,,,,,,,,,,,,,,,,,,,,,,,,,,,,,,
zmb_pwup_speed_loop,evt\zombie_global\powerup\dbl_points\loop\loop_00.wav,evt_3d,,,,95,95,,1500,2500,3000,,,,,,,1,oldest,,,,,,,,,,looping,,,,,,,,,,,,,,,,,,,,,,,,,,,,,,,,,
zmb_pwup_speed_end,evt\zombie_global\powerup\dbl_points\off\off_00.wav,evt_3d,,,,95,95,,1500,2500,3000,,,,,,,,,,,,,,,,,,,,,,,,,,,,,,,,,,,,,,,,,,,,,,,,,,,
,,,,,,,,,,,,,,,,,,,,,,,,,,,,,,,,,,,,,,,,,,,,,,,,,,,,,,,,,,,,,,
# CHICKEN,,,,,,,,,,,,,,,,,,,,,,,,,,,,,,,,,,,,,,,,,,,,,,,,,,,,,,,,,,,,,,
zmb_dblshot_spawn,evt\zombie_tron\doubleshot\spawn.wav,evt_3d,,,,98,98,,1500,2500,3000,,,,,,,,,,,,,,,,,,,,,,,,,,,,,,,,,,,,,,,,,,,,,,,,,,,
zmb_dblshot_squawk,aml\chicken\cluck,evt_3d,,,,98,98,,1500,2500,3000,,,,,,,,,,,,,,,,,,,,,,,,,,,,,,,,,,,,,,,,,,,,,,,,,,,
zmb_dblshot_wingflap,aml\chicken\wing_flap_large,evt_3d,,,,95,95,,1500,2500,3000,,,,,,,,,,,,,,,,,,,,,,,,,,,,,,,,,,,,,,,,,,,,,,,,,,,
zmb_dblshot_wingflap,aml\chicken\wing_flap_small,evt_3d,,,,95,95,,1500,2500,3000,,,,,,,,,,,,,,,,,,,,,,,,,,,,,,,,,,,,,,,,,,,,,,,,,,,
zmb_dblshot_death,aml\chicken\death,evt_3d,,,,98,98,,1500,2500,3000,,,,,,,,,,,,,,,,,,,,,,,,,,,,,,,,,,,,,,,,,,,,,,,,,,,
zmb_dblshot_end,evt\zombie_tron\doubleshot\end.wav,evt_3d,,,,100,100,,1500,2500,3000,,,,,,,,,,,,,,,,,,,,,,,,,,,,,,,,,,,,,,,,,,,,,,,,,,,
,,,,,,,,,,,,,,,,,,,,,,,,,,,,,,,,,,,,,,,,,,,,,,,,,,,,,,,,,,,,,,
# PICKUPS AND ENVIRONMENTAL OBJECTS,,,,,,,,,,,,,,,,,,,,,,,,,,,,,,,,,,,,,,,,,,,,,,,,,,,,,,,,,,,,,,
# PICKUPS,,,,,,,,,,,,,,,,,,,,,,,,,,,,,,,,,,,,,,,,,,,,,,,,,,,,,,,,,,,,,,
# Spawn,,,,,,,,,,,,,,,,,,,,,,,,,,,,,,,,,,,,,,,,,,,,,,,,,,,,,,,,,,,,,,
zmb_pickup_spawn,evt\zombie_global\powerup\spawn\spawn_00.wav,evt_3d,,,,92,92,,1500,2500,3000,,,,,,,,,,,,,,,,,,,,,,,,,,,,,,,,,,,,,,,,,,,,,,,,,,,
,,,,,,,,,,,,,,,,,,,,,,,,,,,,,,,,,,,,,,,,,,,,,,,,,,,,,,,,,,,,,,
# Shimmer,,,,,,,,,,,,,,,,,,,,,,,,,,,,,,,,,,,,,,,,,,,,,,,,,,,,,,,,,,,,,,
zmb_pickup_weapon_shimmer,evt\zombie_global\powerup\loop\loop_00.wav,evt_3d,,,,93,93,,1500,2500,3000,,,,,,,,,,,,,,,,,,looping,,,,,,,,,,,,,,,,,,,,,,,,,,,,,,,,,
zmb_pickup_money_shimmer,evt\zombie_tron\shimmer\gold_shimmer.wav,evt_3d,,,,94,94,,1500,2500,3000,,,,,,,,,,,,,,,,,,looping,,,,,,,,,,,,,,,,,,,,,,,,,,,,,,,,,
zmb_pickup_powerup_shimmer,evt\zombie_global\powerup\loop\loop_00.wav,evt_3d,,,,93,93,,1500,2500,3000,,,,,,,,,,,,,,,,,,looping,,,,,,,,,,,,,,,,,,,,,,,,,,,,,,,,,
zmb_pickup_life_shimmer,evt\zombie_global\powerup\loop\loop_00.wav,evt_3d,,,,93,93,,1500,2500,3000,,,,,,,,,,,,,,,,,,looping,,,,,,,,,,,,,,,,,,,,,,,,,,,,,,,,,
zmb_pickup_vehicle_shimmer,evt\zombie_global\powerup\loop\loop_00.wav,evt_3d,,,,93,93,,1500,2500,3000,,,,,,,,,,,,,,,,,,looping,,,,,,,,,,,,,,,,,,,,,,,,,,,,,,,,,
,,,,,,,,,,,,,,,,,,,,,,,,,,,,,,,,,,,,,,,,,,,,,,,,,,,,,,,,,,,,,,
# Pickup,,,,,,,,,,,,,,,,,,,,,,,,,,,,,,,,,,,,,,,,,,,,,,,,,,,,,,,,,,,,,,
zmb_pickup_weapon,evt\zombie_global\powerup\wpn\wpn_pickup_00.wav,evt_3d,,,,100,100,,1500,2500,3000,,,,,,,,,,,,,,,,,,,,,,,,,,,,,,,,,,,,,,,,,,,,,,,,,,,
zmb_pickup_money,evt\zombie_tron\pickup\gold,evt_3d,,,,100,100,,5000,7500,10000,,,,,6,oldest,,,,,,,,,,,,,,,,,,,,,,,,,,,,,,,,,,,,,,,,,,,,,
zmb_pickup_powerup,evt\zombie_global\powerup\grab\grab_00.wav,evt_3d,,,,100,100,,1500,2500,3000,,,,,,,,,,,,,,,,,,,,,,,,,,,,,,,,,,,,,,,,,,,,,,,,,,,
zmb_pickup_life,evt\zombie_global\extra_life\extra_life_00.wav,evt_3d,,,,100,100,,5000,7500,10000,,,,,,,,,,,,,,,,,,,,,,,,,,,,,,,,,,,,,,,,,,,,,,,,,,,
zmb_pickup_vehicle,evt\zombie_global\powerup\veh\veh_pickup_00.wav,evt_3d,,,,100,100,,5000,7500,10000,,,,,,,,,,,,,,,,,,,,,,,,,,,,,,,,,,,,,,,,,,,,,,,,,,,
,,,,,,,,,,,,,,,,,,,,,,,,,,,,,,,,,,,,,,,,,,,,,,,,,,,,,,,,,,,,,,
# TELEPORTER,,,,,,,,,,,,,,,,,,,,,,,,,,,,,,,,,,,,,,,,,,,,,,,,,,,,,,,,,,,,,,
zmb_teleporter_spawn,evt\zombie_tron\teleporter\spawn.wav,evt_3d,,,,,,,500,2500,3000,,,,,,,,,,,,,,,,,,,,,,,,,,,,,,,,,,,,,,,,,,,,,,,,,,,
zmb_teleporter_loop,evt\zombie_tron\teleporter\loop.wav,evt_3d,,,,,,,1500,2500,3000,,,,,,,,,,,,,,,,,,looping,,,,,,,,,,,,,,,,,,,,,,,,,,,,,,,,,
zmb_teleporter_tele_out,evt\zombie_global\portal\portal_travel.wav,evt_2d,,,,92,92,,,,,,,,,,,,,,,,,,,,,,,,,,,,,,,,,,,,,,,,,,,,,,,,,,,,,,,
,,,,,,,,,,,,,,,,,,,,,,,,,,,,,,,,,,,,,,,,,,,,,,,,,,,,,,,,,,,,,,
# ELECTRICAL HAZARD,,,,,,,,,,,,,,,,,,,,,,,,,,,,,,,,,,,,,,,,,,,,,,,,,,,,,,,,,,,,,,
zmb_hazard_loop,evt\zombie_tron\hazard\loop_00.wav,evt_3d,,,,96,96,,50,700,750,,,,,,,,,,,,,,,,,,looping,,,,,,,,,,,,,,,,,,,,,,,,,,,,,,,,,
zmb_hazard_hit,amb\industrial\power\arcs\short,evt_3d,,zmb_hazard_sizzle,,98,98,,5000,7500,10000,,,,,,,2,oldest,,,,,,,,,,,,,,,,,,,,,,,,,,,,,,,,,,,,,,,,,,,
zmb_hazard_sizzle,fly\body_burn\sizzle,evt_3d,,,,98,98,,5000,7500,10000,,,,,,,2,oldest,,,,,,,,,,,,,,,,,,,,,,,,,,,,,,,,,,,,,,,,,,,
,,,,,,,,,,,,,,,,,,,,,,,,,,,,,,,,,,,,,,,,,,,,,,,,,,,,,,,,,,,,,,
# BUFFALO,,,,,,,,,,,,,,,,,,,,,,,,,,,,,,,,,,,,,,,,,,,,,,,,,,,,,,,,,,,,,,
zmb_buffalo_roar,aml\buffalo\roar,evt_3d,,,,,,,1500,2500,3000,,,,,,,,,,,,,,,,,,,,,,,,,,,,,,,,,,,,,,,,,,,,,,,,,,,
zmb_buffalo_run_loop,aml\buffalo\run,evt_3d,,,,98,98,,1500,2500,3000,,,,,,,,,,,,,,,,,,looping,,,,,,,,,,,,,,,,,,,,,,,,,,,,,,,,,
zmb_buffalo_impact,fly\gibs,evt_3d,,,,,,,1500,2500,3000,,,,,,,,,,,,,,,,,,,,,,,,,,,,,,,,,,,,,,,,,,,,,,,,,,,
zmb_buffalo_explode,aml\buffalo\explo,evt_3d,,exp_tron_barrel,,98,98,,1000,10000,15000,log2,log1,,,3,priority,,,-182,67,,90,99,0.25,0.8,3d,,,,,,96,,,,,,,,,,,,,,,,,,,,,,,,,,,,,explosion
zmb_buffalo_explode_gold,aml\buffalo\gold_explo,evt_3d,,,,98,98,,1000,10000,15000,log2,log1,,,3,priority,,,-182,67,,90,99,0.25,0.8,3d,,,,,,96,,,,,,,,,,,,,,,,,,,,,,,,,,,,,explosion
,,,,,,,,,,,,,,,,,,,,,,,,,,,,,,,,,,,,,,,,,,,,,,,,,,,,,,,,,,,,,,
,,,,,,,,,,,,,,,,,,,,,,,,,,,,,,,,,,,,,,,,,,,,,,,,,,,,,,,,,,,,,,
# EXITS,,,,,,,,,,,,,,,,,,,,,,,,,,,,,,,,,,,,,,,,,,,,,,,,,,,,,,,,,,,,,,
zmb_exit_open,evt\zombie_tron\exit\open.wav,evt_2d,,,,,,,,,,,,,,1,reject,,,,,,,,,,,,,,,,,,,,,,,,,,,,,,,,,,,,,,,,,,,,,
zmb_exit_taken,evt\zombie_tron\exit\taken.wav,evt_2d,,,,,,,,,,,,,,,,,,,,,,,,,,,,,,,,,,,,,,,,,,,,,,,,,,,,,,,,,,,,
,,,,,,,,,,,,,,,,,,,,,,,,,,,,,,,,,,,,,,,,,,,,,,,,,,,,,,,,,,,,,,
# ZOMBIE SFX,,,,,,,,,,,,,,,,,,,,,,,,,,,,,,,,,,,,,,,,,,,,,,,,,,,,,,,,,,,,,,
# RAGDOLL LAUNCH,,,,,,,,,,,,,,,,,,,,,,,,,,,,,,,,,,,,,,,,,,,,,,,,,,,,,,,,,,,,,,
zmb_ragdoll_launched,evt\zombie_tron\zmb_launch,evt_3d,,,,92,96,,1500,2500,3000,,,,,,,,,,,,,,,,,,,,,,,,,,,,,,,,,,,,,,,,,,,,,,,,,,,
,,,,,,,,,,,,,,,,,,,,,,,,,,,,,,,,,,,,,,,,,,,,,,,,,,,,,,,,,,,,,,
# Zombies,,,,,,,,,,,,,,,,,,,,,,,,,,,,,,,,,,,,,,,,,,,,,,,,,,,,,,,,,,,,,,
# Vox,,,,,,,,,,,,,,,,,,,,,,,,,,,,,,,,,,,,,,,,,,,,,,,,,,,,,,,,,,,,,,
zmb_regular_vox_move,vox\zmb\standard\amb,evt_3d,,,,91,91,,1500,2500,5000,,,,,,,,,,,,,,,,,,,,,,,,,,,,,,,,,,,,,,,,,,,,,,,,,yes,,
zmb_regular_vox_move,vox\zmb\standard\taunt,evt_3d,,,,91,91,,1500,2500,5000,,,,,,,,,,,,,,,,,,,,,,,,,,,,,,,,,,,,,,,,,,,,,,,,,yes,,
zmb_regular_vox_move,vox\zmb\standard\behind,evt_3d,,,,91,91,,1500,2500,5000,,,,,,,,,,,,,,,,,,,,,,,,,,,,,,,,,,,,,,,,,,,,,,,,,yes,,
zmb_regular_vox_attack,vox\zmb\standard\attack,evt_3d,,,,91,91,,1500,2500,5000,,,,,,,,,,,,,,,,,,,,,,,,,,,,,,,,,,,,,,,,,,,,,,,,,yes,,
zmb_regular_vox_death,vox\zmb\standard\death,evt_3d,,zmb_death_gibs,,91,91,,1500,2500,5000,,,,,,,,,,,,,,,,,,,,,,,,,,,,,,,,,,,,,,,,,,,,,,,,,yes,,
,,,,,,,,,,,,,,,,,,,,,,,,,,,,,,,,,,,,,,,,,,,,,,,,,,,,,,,,,,,,,,
# Foley (From zmb_common),,,,,,,,,,,,,,,,,,,,,,,,,,,,,,,,,,,,,,,,,,,,,,,,,,,,,,,,,,,,,,
zmb_attack_whoosh,fly\melee\zmb\swing,fly_cm_npc,,,,,,,1500,2500,3000,,,,,,,,,,,,,,,,,,,,,,,,,,,,,,,,,,,,,,,,,,,,,,,,,,,
zmb_death_gibs,fly\gibs,,,,event,93,93,,1500,2500,3000,,curve2,,,8,priority,,,-281,315,,10,15,0.25,1,3d,,,,,,,,,,100,250,98,0.25,,,,,,,,,,,,,,,,,,,,,,event
,,,,,,,,,,,,,,,,,,,,,,,,,,,,,,,,,,,,,,,,,,,,,,,,,,,,,,,,,,,,,,
# Sergei Zombies,,,,,,,,,,,,,,,,,,,,,,,,,,,,,,,,,,,,,,,,,,,,,,,,,,,,,,,,,,,,,,
# Vox,,,,,,,,,,,,,,,,,,,,,,,,,,,,,,,,,,,,,,,,,,,,,,,,,,,,,,,,,,,,,,
zmb_sergei_vox_move,vox\zmb\standard\amb,evt_3d,,,,91,91,,1500,4000,5000,,,,,,,,,,,,,,,,,,,,,,,,,,,,,,,,,,,,,,,,,,,,,,,,,yes,,
zmb_sergei_vox_move,vox\zmb\standard\taunt,evt_3d,,,,91,91,,1500,4000,5000,,,,,,,,,,,,,,,,,,,,,,,,,,,,,,,,,,,,,,,,,,,,,,,,,yes,,
zmb_sergei_vox_move,vox\zmb\standard\behind,evt_3d,,,,91,91,,1500,4000,5000,,,,,,,,,,,,,,,,,,,,,,,,,,,,,,,,,,,,,,,,,,,,,,,,,yes,,
zmb_sergei_vox_attack,vox\zmb\standard\attack,evt_3d,,,,91,91,,1500,4000,5000,,,,,,,,,,,,,,,,,,,,,,,,,,,,,,,,,,,,,,,,,,,,,,,,,yes,,
zmb_sergei_vox_death,vox\zmb\standard\death,evt_3d,,,,91,91,,1500,4000,5000,,,,,,,,,,,,,,,,,,,,,,,,,,,,,,,,,,,,,,,,,,,,,,,,,,,
,,,,,,,,,,,,,,,,,,,,,,,,,,,,,,,,,,,,,,,,,,,,,,,,,,,,,,,,,,,,,,
# Foley (From zmb_common),,,,,,,,,,,,,,,,,,,,,,,,,,,,,,,,,,,,,,,,,,,,,,,,,,,,,,,,,,,,,,
,,,,,,,,,,,,,,,,,,,,,,,,,,,,,,,,,,,,,,,,,,,,,,,,,,,,,,,,,,,,,,
# Boss Zombies,,,,,,,,,,,,,,,,,,,,,,,,,,,,,,,,,,,,,,,,,,,,,,,,,,,,,,,,,,,,,,
# Vox,,,,,,,,,,,,,,,,,,,,,,,,,,,,,,,,,,,,,,,,,,,,,,,,,,,,,,,,,,,,,,
zmb_boss_vox_move,vox\zmb\engineer\amb,evt_3d,,,,93,93,,1500,4000,5000,,,,,,,,,,,,,,,,,,,,,,,,,,,,,,,,,,,,,,,,,,,,,,,,,yes,,
zmb_boss_vox_attack,vox\zmb\engineer\attack,evt_3d,,,,93,93,,1500,4000,5000,,,,,,,,,,,,,,,,,,,,,,,,,,,,,,,,,,,,,,,,,,,,,,,,,yes,,
zmb_boss_vox_death,vox\zmb\engineer\death,evt_3d,,,,93,93,,1500,4000,5000,,,,,,,,,,,,,,,,,,,,,,,,,,,,,,,,,,,,,,,,,,,,,,,,,,,
zmb_boss_vox_hit,vox\zmb\engineer\roar,evt_3d,,,,95,95,,1500,4000,5000,,,,,,,,,,,,,,,,,,,,,,,,,,,,,,,,,,,,,,,,,,,,,,,,,yes,,
,,,,,,,,,,,,,,,,,,,,,,,,,,,,,,,,,,,,,,,,,,,,,,,,,,,,,,,,,,,,,,
# Foley (From zmb_common),,,,,,,,,,,,,,,,,,,,,,,,,,,,,,,,,,,,,,,,,,,,,,,,,,,,,,,,,,,,,,
fly_step_engineer,fly\footsteps\zmb\engineer\sweetener,fly_cm_npc,,,event,92,92,,1500,2500,3000,,,,,,,,,,,,,,,,,,,,,,,,,,,,,,,,,,,,,,,,,,,,,,,,,,,event
zmb_engineer_headbutt,fly\footsteps\prone\zmb\crawl,fly_cm_npc,,,,95,95,,1500,2500,3000,,,,,,,,,-300,300,,,,,,,,,pitch,,,,,,,,,,,,,,,,,,,,,,,,,,,,,,,,
zmb_engineer_headbang,fly\zmb\engineer\headbang,fly_cm_npc,,,event,91,94,,1500,2500,3000,,,,,,,,,-300,300,,,,,,,,,pitch,,,,,,,,,,,,,,,,,,,,,,,,,,,,,,,,event
zmb_engineer_pipebang,fly\zmb\engineer\headbang,fly_cm_npc,,,,91,94,,1500,2500,3000,,,,,,,,,-300,300,,,,,,,,,pitch,,,,,,,,,,,,,,,,,,,,,,,,,,,,,,,,
zmb_engineer_handbang,fly\zmb\engineer\headbang,fly_cm_npc,,,,91,94,,1500,2500,3000,,,,,,,,,-300,300,,,,,,,,,pitch,,,,,,,,,,,,,,,,,,,,,,,,,,,,,,,,
zmb_engineer_groundbang,fly\zmb\engineer\hammer\hit,,,zmb_engineer_groundbang_sweet,event,94,94,,1500,2500,3000,,curve2,,,1,reject,,,,,,100,100,0.25,1,3d,,,,,,,,,,,,,,,yes,,,,,,,,,,,,,,,,,,,,event
zmb_engineer_groundbang_sweet,fly\zmb\engineer\hammer\sweet,,,zmb_engineer_groundbang_l,event,94,94,,1500,2500,3000,,curve2,,,1,reject,,,,,,100,100,0.25,1,3d,,,,,,,,,,,,,,,yes,,,,,,,,,,,,,,,,,,,,event
zmb_engineer_groundbang_l,fly\zmb\engineer\hammer\flux\flux_l.wav,,,zmb_engineer_groundbang_r,event,94,94,,1500,2500,3000,curve3,curve2,,,1,reject,,,,,,100,100,0.25,1,3d,,,,,200,,,,,,,,,,,,left_player,3000,,,,,,,,,,,,,,,,,event
zmb_engineer_groundbang_r,fly\zmb\engineer\hammer\flux\flux_r.wav,,,,event,94,94,,1500,2500,3000,curve3,curve2,,,1,reject,,,,,,100,100,0.25,1,3d,,,,,275,,,,,,,,,,,,right_player,4000,,,,,,,,,,,,,,,,,event
zmb_engineer_whoosh,fly\melee\melee_swing,fly_cm_npc,,,event,94,94,,1500,2500,3000,,,,,,,,,,,,,,,,,,,,,,,,,,,,,,,,,,,,,,,,,,,,,,,,,,,event
,,,,,,,,,,,,,,,,,,,,,,,,,,,,,,,,,,,,,,,,,,,,,,,,,,,,,,,,,,,,,,
# Crawlers,,,,,,,,,,,,,,,,,,,,,,,,,,,,,,,,,,,,,,,,,,,,,,,,,,,,,,,,,,,,,,
# Vox,,,,,,,,,,,,,,,,,,,,,,,,,,,,,,,,,,,,,,,,,,,,,,,,,,,,,,,,,,,,,,
zmb_quad_vox_move,vox\zmb\quad\amb,evt_3d,,,,91,91,,1500,2500,3000,,,,,,,,,,,,,,,,,,,,,,,,,,,,,,,,,,,,,,,,,,,,,,,,,yes,,
zmb_quad_vox_attack,vox\zmb\quad\close,evt_3d,,,,91,91,,1500,2500,3000,,,,,,,,,,,,,,,,,,,,,,,,,,,,,,,,,,,,,,,,,,,,,,,,,yes,,
zmb_quad_vox_death,vox\zmb\quad\crawl,evt_3d,,,,91,91,,1500,2500,3000,,,,,,,,,,,,,,,,,,,,,,,,,,,,,,,,,,,,,,,,,,,,,,,,,,,
,,,,,,,,,,,,,,,,,,,,,,,,,,,,,,,,,,,,,,,,,,,,,,,,,,,,,,,,,,,,,,
# Foley (From zmb_common),,,,,,,,,,,,,,,,,,,,,,,,,,,,,,,,,,,,,,,,,,,,,,,,,,,,,,,,,,,,,,
fly_step_quad_l,fly\footsteps\prone\zmb\crawl,fly_cm_npc,,,,94,95,,1500,2500,3000,log0,,,,,,,,,,,,,,,,,,,,,,,,,,,,,,,,,,,,,,,,,,,,,,,,,,
fly_step_quad_r,fly\footsteps\prone\zmb\crawl,fly_cm_npc,,,,94,95,,1500,2500,3000,log0,,,,,,,,,,,,,,,,,,,,,,,,,,,,,,,,,,,,,,,,,,,,,,,,,,
,,,,,,,,,,,,,,,,,,,,,,,,,,,,,,,,,,,,,,,,,,,,,,,,,,,,,,,,,,,,,,
# Hellhounds,,,,,,,,,,,,,,,,,,,,,,,,,,,,,,,,,,,,,,,,,,,,,,,,,,,,,,,,,,,,,,
# Vox,,,,,,,,,,,,,,,,,,,,,,,,,,,,,,,,,,,,,,,,,,,,,,,,,,,,,,,,,,,,,,
zmb_hellhound_vox_move,evt\zombie_tron\hellhounds\vox\move,evt_3d,,,,90,90,,1500,2500,3000,,,,,,,,,,,,,,,,,,,,,,,,,,,,,,,,,,,,,,,,,,,,,,,,,yes,,
zmb_hellhound_vox_attack,evt\zombie_tron\hellhounds\vox\attack,evt_3d,,,,90,90,,1500,2500,3000,,,,,,,,,,,,,,,,,,,,,,,,,,,,,,,,,,,,,,,,,,,,,,,,,yes,,
zmb_hellhound_vox_death,evt\zombie_tron\hellhounds\vox\death,evt_3d,,,,90,90,,1500,2500,3000,,,,,,,,,,,,,,,,,,,,,,,,,,,,,,,,,,,,,,,,,,,,,,,,,,,
,,,,,,,,,,,,,,,,,,,,,,,,,,,,,,,,,,,,,,,,,,,,,,,,,,,,,,,,,,,,,,
# Foley (From zmb_common),,,,,,,,,,,,,,,,,,,,,,,,,,,,,,,,,,,,,,,,,,,,,,,,,,,,,,,,,,,,,,
zmb_hellhound_explode,evt\zombie_tron\hellhounds\explode,evt_3d,,,,91,91,,1500,2500,3000,,,,,,,,,,,,,,,,,,,,,,,,,,,,,,,,,,,,,,,,,,,,,,,,,,,
,,,,,,,,,,,,,,,,,,,,,,,,,,,,,,,,,,,,,,,,,,,,,,,,,,,,,,,,,,,,,,
# Simianaut (Cosmic Silverback),,,,,,,,,,,,,,,,,,,,,,,,,,,,,,,,,,,,,,,,,,,,,,,,,,,,,,,,,,,,,,
# Vox,,,,,,,,,,,,,,,,,,,,,,,,,,,,,,,,,,,,,,,,,,,,,,,,,,,,,,,,,,,,,,
zmb_simianaut_roar,evt\zombie_tron\simianaut\vox\roar,evt_2d,,,,98,98,,,,,,,,,2,reject,,,,,,,,,,,,,,,,,,,,,,,,,,,,,,,,,,,,,,,,,,,,,
zmb_simianaut_vocal,evt\zombie_tron\simianaut\vox\vocal,evt_2d,,,,98,98,,,,,,,,,,,,,,,,,,,,,,,,,,,,,,,,,,,,,,,,,,,,,,,,,,,,,,,
zmb_simianaut_death,evt\zombie_tron\simianaut\vox\death.wav,evt_2d,,,,98,98,,,,,,,,,2,reject,,,,,,,,,,,,,,,,,,,,,,,,,,,,,,,,,,,,,,,,,,,,,
,,,,,,,,,,,,,,,,,,,,,,,,,,,,,,,,,,,,,,,,,,,,,,,,,,,,,,,,,,,,,,
# Foley,,,,,,,,,,,,,,,,,,,,,,,,,,,,,,,,,,,,,,,,,,,,,,,,,,,,,,,,,,,,,,
zmb_simianaut_chest_hit,evt\zombie_tron\simianaut\chest_hit,evt_2d,,,,98,98,,,,,,,,,,,,,,,,,,,,,,,,,,,,,,,,,,,,,,,,,,,,,,,,,,,,,,,
zmb_simianaut_step,evt\zombie_tron\simianaut\step,evt_2d,,,,98,98,,,,,,,,,,,,,,,,,,,,,,,,,,,,,,,,,,,,,,,,,,,,,,,,,,,,,,,
zmb_simianaut_groundpound,evt\zombie_tron\simianaut\ground_pound,evt_2d,,,,98,98,,,,,,,,,,,,,,,,,,,,,,,,,,,,,,,,,,,,,,,,,,,,,,,,,,,,,,,
,,,,,,,,,,,,,,,,,,,,,,,,,,,,,,,,,,,,,,,,,,,,,,,,,,,,,,,,,,,,,,
,,,,,,,,,,,,,,,,,,,,,,,,,,,,,,,,,,,,,,,,,,,,,,,,,,,,,,,,,,,,,,
# Martyr,,,,,,,,,,,,,,,,,,,,,,,,,,,,,,,,,,,,,,,,,,,,,,,,,,,,,,,,,,,,,,
# Vox,,,,,,,,,,,,,,,,,,,,,,,,,,,,,,,,,,,,,,,,,,,,,,,,,,,,,,,,,,,,,,
zmb_martyr_vox_move,vox\zmb\martyr\scream,evt_3d,,,,94,94,,1500,2500,3000,,,,,,,,,,,,,,,,,,,,,,,,,,,,,,,,,,,,,,,,,,,,,,,,,yes,,
zmb_martyr_vox_death,,evt_3d,,,,,,,,,,,,,,,,,,,,,,,,,,,,,,,,,,,,,,,,,,,,,,,,,,,,,,,,,,,,
zmb_martyr_vox_attack,vox\zmb\martyr\scream,evt_3d,,,,94,94,,1500,2500,3000,,,,,,,,,,,,,,,,,,,,,,,,,,,,,,,,,,,,,,,,,,,,,,,,,yes,,
,,,,,,,,,,,,,,,,,,,,,,,,,,,,,,,,,,,,,,,,,,,,,,,,,,,,,,,,,,,,,,
# Common Aliases (From zmb_common),,,,,,,,,,,,,,,,,,,,,,,,,,,,,,,,,,,,,,,,,,,,,,,,,,,,,,,,,,,,,,
# Foley,,,,,,,,,,,,,,,,,,,,,,,,,,,,,,,,,,,,,,,,,,,,,,,,,,,,,,,,,,,,,,
fly_step_zombie,,fly_cm_npc,,,,,,,,,,,,,,,,,,,,,,,,,,,,,,,,,,,,,,,,,,,,,,,,,,,,,,,,,,,,
fly_step_zombie_sweetner,,fly_cm_npc,,,,,,,,,,,,,,,,,,,,,,,,,,,,,,,,,,,,,,,,,,,,,,,,,,,,,,,,,,,,
fly_step_zombie_default,FLY\footsteps\walk\dirt,FLY_STEP_RUN_NPC,,fly_cloth_zombie,,,,,,1000,1500,log0,curve1,,,,,,,,,,,,,,,,,,,,98,,,,,,,,,,,,,,,,,,,,,,,,,,,,,
fly_step_zombie_bark,FLY\footsteps\walk\wood,FLY_STEP_RUN_NPC,,fly_cloth_zombie,,,,,,1000,1500,log0,curve1,,,,,,,,,,,,,,,,,,,,98,,,,,,,,,,,,,,,,,,,,,,,,,,,,,
fly_step_zombie_brick,FLY\footsteps\walk\concrete,FLY_STEP_RUN_NPC,,fly_cloth_zombie,,,,,,1000,1500,log0,curve1,,,,,,,,,,,,,,,,,,,,98,,,,,,,,,,,,,,,,,,,,,,,,,,,,,
fly_step_zombie_carpet,FLY\footsteps\run\carpet,FLY_STEP_RUN_NPC,,fly_cloth_zombie,,,,,,1000,1500,log0,curve1,,,,,,,,,,,,,,,,,,,,98,,,,,,,,,,,,,,,,,,,,,,,,,,,,,
fly_step_zombie_cloth,FLY\footsteps\run\carpet,FLY_STEP_RUN_NPC,,fly_cloth_zombie,,,,,,1000,1500,log0,curve1,,,,,,,,,,,,,,,,,,,,98,,,,,,,,,,,,,,,,,,,,,,,,,,,,,
fly_step_zombie_concrete,FLY\footsteps\walk\concrete,FLY_STEP_RUN_NPC,,fly_cloth_zombie,,,,,,1000,1500,log0,curve1,,,,,,,,,,,,,,,,,,,,98,,,,,,,,,,,,,,,,,,,,,,,,,,,,,
fly_step_zombie_dirt,FLY\footsteps\walk\dirt,FLY_STEP_RUN_NPC,,fly_cloth_zombie,,,,,,1000,1500,log0,curve1,,,,,,,,,,,,,,,,,,,,98,,,,,,,,,,,,,,,,,,,,,,,,,,,,,
fly_step_zombie_flesh,FLY\footsteps\walk\dirt,FLY_STEP_RUN_NPC,,fly_cloth_zombie,,,,,,1000,1500,log0,curve1,,,,,,,,,,,,,,,,,,,,98,,,,,,,,,,,,,,,,,,,,,,,,,,,,,
fly_step_zombie_foliage,FLY\footsteps\run\grass,FLY_STEP_RUN_NPC,,fly_cloth_zombie,,,,,,1000,1500,log0,curve1,,,,,,,,,,,,,,,,,,,,98,,,,,,,,,,,,,,,,,,,,,,,,,,,,,
fly_step_zombie_glass,FLY\footsteps\run\grass,FLY_STEP_RUN_NPC,,fly_cloth_zombie,,,,,,1000,1500,log0,curve1,,,,,,,,,,,,,,,,,,,,98,,,,,,,,,,,,,,,,,,,,,,,,,,,,,
fly_step_zombie_grass,FLY\footsteps\run\grass,FLY_STEP_RUN_NPC,,fly_cloth_zombie,,,,,,1000,1500,log0,curve1,,,,,,,,,,,,,,,,,,,,98,,,,,,,,,,,,,,,,,,,,,,,,,,,,,
fly_step_zombie_gravel,FLY\footsteps\walk\dirt,FLY_STEP_RUN_NPC,,fly_cloth_zombie,,,,,,1000,1500,log0,curve1,,,,,,,,,,,,,,,,,,,,98,,,,,,,,,,,,,,,,,,,,,,,,,,,,,
fly_step_zombie_ice,FLY\footsteps\run\sand,FLY_STEP_RUN_NPC,,fly_cloth_zombie,,,,,,1000,1500,log0,curve1,,,,,,,,,,,,,,,,,,,,98,,,,,,,,,,,,,,,,,,,,,,,,,,,,,
fly_step_zombie_metal,FLY\footsteps\walk\metal,FLY_STEP_RUN_NPC,,fly_cloth_zombie,,,,,,1000,1500,log0,curve1,,,,,,,,,,,,,,,,,,,,98,,,,,,,,,,,,,,,,,,,,,,,,,,,,,
fly_step_zombie_mud,FLY\footsteps\walk\mud,FLY_STEP_RUN_NPC,,fly_cloth_zombie,,,,,,1000,1500,log0,curve1,,,,,,,,,,,,,,,,,,,,98,,,,,,,,,,,,,,,,,,,,,,,,,,,,,
fly_step_zombie_paper,FLY\footsteps\walk\concrete,FLY_STEP_RUN_NPC,,fly_cloth_zombie,,,,,,1000,1500,log0,curve1,,,,,,,,,,,,,,,,,,,,98,,,,,,,,,,,,,,,,,,,,,,,,,,,,,
fly_step_zombie_plaster,FLY\footsteps\walk\concrete,FLY_STEP_RUN_NPC,,fly_cloth_zombie,,,,,,1000,1500,log0,curve1,,,,,,,,,,,,,,,,,,,,98,,,,,,,,,,,,,,,,,,,,,,,,,,,,,
fly_step_zombie_rock,FLY\footsteps\walk\concrete,FLY_STEP_RUN_NPC,,fly_cloth_zombie,,,,,,1000,1500,log0,curve1,,,,,,,,,,,,,,,,,,,,98,,,,,,,,,,,,,,,,,,,,,,,,,,,,,
fly_step_zombie_sand,FLY\footsteps\run\sand,FLY_STEP_RUN_NPC,,fly_cloth_zombie,,,,,,1000,1500,log0,curve1,,,,,,,,,,,,,,,,,,,,98,,,,,,,,,,,,,,,,,,,,,,,,,,,,,
fly_step_zombie_snow,FLY\footsteps\run\sand,FLY_STEP_RUN_NPC,,fly_cloth_zombie,,,,,,1000,1500,log0,curve1,,,,,,,,,,,,,,,,,,,,98,,,,,,,,,,,,,,,,,,,,,,,,,,,,,
fly_step_zombie_water,FLY\footsteps\walk\water,FLY_STEP_RUN_NPC,,fly_cloth_zombie,,,,,,1000,1500,log0,curve1,,,,,,,,,,,,,,,,,,,,98,,,,,,,,,,,,,,,,,,,,,,,,,,,,,
fly_step_zombie_wood,FLY\footsteps\walk\wood,FLY_STEP_RUN_NPC,,fly_cloth_zombie,,,,,,1000,1500,log0,curve1,,,,,,,,,,,,,,,,,,,,98,,,,,,,,,,,,,,,,,,,,,,,,,,,,,
fly_step_zombie_asphalt,FLY\footsteps\walk\concrete,FLY_STEP_RUN_NPC,,fly_cloth_zombie,,,,,,1000,1500,log0,curve1,,,,,,,,,,,,,,,,,,,,98,,,,,,,,,,,,,,,,,,,,,,,,,,,,,
fly_step_zombie_ceramic,FLY\footsteps\walk\concrete,FLY_STEP_RUN_NPC,,fly_cloth_zombie,,,,,,1000,1500,log0,curve1,,,,,,,,,,,,,,,,,,,,98,,,,,,,,,,,,,,,,,,,,,,,,,,,,,
fly_step_zombie_plastic,FLY\footsteps\run\carpet,FLY_STEP_RUN_NPC,,fly_cloth_zombie,,,,,,1000,1500,log0,curve1,,,,,,,,,,,,,,,,,,,,98,,,,,,,,,,,,,,,,,,,,,,,,,,,,,
fly_step_zombie_rubber,FLY\footsteps\run\carpet,FLY_STEP_RUN_NPC,,fly_cloth_zombie,,,,,,1000,1500,log0,curve1,,,,,,,,,,,,,,,,,,,,98,,,,,,,,,,,,,,,,,,,,,,,,,,,,,
fly_step_zombie_cushion,FLY\footsteps\run\carpet,FLY_STEP_RUN_NPC,,fly_cloth_zombie,,,,,,1000,1500,log0,curve1,,,,,,,,,,,,,,,,,,,,98,,,,,,,,,,,,,,,,,,,,,,,,,,,,,
fly_step_zombie_fruit,FLY\footsteps\walk\dirt,FLY_STEP_RUN_NPC,,fly_cloth_zombie,,,,,,1000,1500,log0,curve1,,,,,,,,,,,,,,,,,,,,98,,,,,,,,,,,,,,,,,,,,,,,,,,,,,
fly_step_zombie_paintedmetal,FLY\footsteps\walk\metal,FLY_STEP_RUN_NPC,,fly_cloth_zombie,,,,,,1000,1500,log0,curve1,,,,,,,,,,,,,,,,,,,,98,,,,,,,,,,,,,,,,,,,,,,,,,,,,,
fly_cloth_zombie,FLY\gear\cloth,FLY_GEAR_FRONT_NPC,,,,83,86,,,800,1200,log0,curve1,,,,,,,,,,,,,,,,,,,,98,,,,,,,,,,,,,,,,,,,,,,,,,,,,,
,,,,,,,,,,,,,,,,,,,,,,,,,,,,,,,,,,,,,,,,,,,,,,,,,,,,,,,,,,,,,,
#End Scene,,,,,,,,,,,,,,,,,,,,,,,,,,,,,,,,,,,,,,,,,,,,,,,,,,,,,,,,,,,,,,
zmb_prize_shower,evt\zombie_tron\scenes\prize_shower.wav,evt_2d,,,,98,98,,,,,,,,,,,,,,,,,,,,,,,,,,,,,,,,,,,,,,,,,,,,,,,,,,,,,,,
,,,,,,,,,,,,,,,,,,,,,,,,,,,,,,,,,,,,,,,,,,,,,,,,,,,,,,,,,,,,,,
# 1st place,,,,,,,,,,,,,,,,,,,,,,,,,,,,,,,,,,,,,,,,,,,,,,,,,,,,,,,,,,,,,,
zmb_1st_vox_00,evt\zombie_tron\scenes\end\1st\vox_00.wav,evt_2d,,,,100,100,,,,,,,,,,,,,,,,,,,,,,,,,,,,,,,,,,,,,,,,,,,,,,,,,,,,,,,
zmb_1st_vox_01,evt\zombie_tron\scenes\end\1st\vox_01.wav,evt_2d,,,,100,100,,,,,,,,,,,,,,,,,,,,,,,,,,,,,,,,,,,,,,,,,,,,,,,,,,,,,,,
zmb_1st_vox_02,evt\zombie_tron\scenes\end\1st\vox_02.wav,evt_2d,,,,100,100,,,,,,,,,,,,,,,,,,,,,,,,,,,,,,,,,,,,,,,,,,,,,,,,,,,,,,,
zmb_1st_vox_03,evt\zombie_tron\scenes\end\1st\vox_03.wav,evt_2d,,,,100,100,,,,,,,,,,,,,,,,,,,,,,,,,,,,,,,,,,,,,,,,,,,,,,,,,,,,,,,
zmb_1st_vox_04,evt\zombie_tron\scenes\end\1st\vox_04.wav,evt_2d,,,,100,100,,,,,,,,,,,,,,,,,,,,,,,,,,,,,,,,,,,,,,,,,,,,,,,,,,,,,,,
,,,,,,,,,,,,,,,,,,,,,,,,,,,,,,,,,,,,,,,,,,,,,,,,,,,,,,,,,,,,,,
# 2nd place,,,,,,,,,,,,,,,,,,,,,,,,,,,,,,,,,,,,,,,,,,,,,,,,,,,,,,,,,,,,,,
zmb_2nd_vox_00,evt\zombie_tron\scenes\end\2nd\vox_00.wav,evt_2d,,,,100,100,,,,,,,,,,,,,,,,,,,,,,,,,,,,,,,,,,,,,,,,,,,,,,,,,,,,,,,
zmb_2nd_vox_01,evt\zombie_tron\scenes\end\2nd\vox_01.wav,evt_2d,,,,100,100,,,,,,,,,,,,,,,,,,,,,,,,,,,,,,,,,,,,,,,,,,,,,,,,,,,,,,,
zmb_2nd_vox_02,evt\zombie_tron\scenes\end\2nd\vox_02.wav,evt_2d,,,,100,100,,,,,,,,,,,,,,,,,,,,,,,,,,,,,,,,,,,,,,,,,,,,,,,,,,,,,,,
,,,,,,,,,,,,,,,,,,,,,,,,,,,,,,,,,,,,,,,,,,,,,,,,,,,,,,,,,,,,,,
# 3rd place,,,,,,,,,,,,,,,,,,,,,,,,,,,,,,,,,,,,,,,,,,,,,,,,,,,,,,,,,,,,,,
zmb_3rd_vox_00,evt\zombie_tron\scenes\end\3rd\vox_00.wav,evt_2d,,,,100,100,,,,,,,,,,,,,,,,,,,,,,,,,,,,,,,,,,,,,,,,,,,,,,,,,,,,,,,
zmb_3rd_vox_01,evt\zombie_tron\scenes\end\3rd\vox_01.wav,evt_2d,,,,100,100,,,,,,,,,,,,,,,,,,,,,,,,,,,,,,,,,,,,,,,,,,,,,,,,,,,,,,,
zmb_3rd_vox_02,evt\zombie_tron\scenes\end\3rd\vox_02.wav,evt_2d,,,,100,100,,,,,,,,,,,,,,,,,,,,,,,,,,,,,,,,,,,,,,,,,,,,,,,,,,,,,,,
,,,,,,,,,,,,,,,,,,,,,,,,,,,,,,,,,,,,,,,,,,,,,,,,,,,,,,,,,,,,,,
# 4th place,,,,,,,,,,,,,,,,,,,,,,,,,,,,,,,,,,,,,,,,,,,,,,,,,,,,,,,,,,,,,,
zmb_4th_vox_00,evt\zombie_tron\scenes\end\4th\vox_00.wav,evt_2d,,,,100,100,,,,,,,,,,,,,,,,,,,,,,,,,,,,,,,,,,,,,,,,,,,,,,,,,,,,,,,
zmb_4th_vox_01,evt\zombie_tron\scenes\end\4th\vox_01.wav,evt_2d,,,,100,100,,,,,,,,,,,,,,,,,,,,,,,,,,,,,,,,,,,,,,,,,,,,,,,,,,,,,,,
,,,,,,,,,,,,,,,,,,,,,,,,,,,,,,,,,,,,,,,,,,,,,,,,,,,,,,,,,,,,,,
# Ape Spawn,,,,,,,,,,,,,,,,,,,,,,,,,,,,,,,,,,,,,,,,,,,,,,,,,,,,,,,,,,,,,,
zmb_ape_prespawn,evt\zombie_global\hellhounds\spawn\pre_spawn.wav,evt_2d,,,event,98,98,,1000,3000,3500,log2,log1,,,2,priority,,,-182,165,,,,,,,,,,,,,,,,,,,0,,,no,,,,,,,,,,,,,,,,,,,event
zmb_ape_spawn,evt\zombie_global\hellhounds\spawn\spawn_01.wav,evt_2d,,,event,98,98,,1000,3000,3500,log2,log1,,,2,priority,,,-182,165,,,,,,,,,,,,,,,,,,,0,,,no,,,,,,,,,,,,,,,,,,,event
zmb_ape_bolt,evt\zombie_global\hellhounds\spawn\strikes_00.wav,evt_2d,,,event,98,98,,1000,3000,3500,log2,log1,,,2,priority,,,-386,454,,,,,,,,,,,,,,,,,,,0,,,no,,,,,,,,,,,,,,,,,,,event
,,,,,,,,,,,,,,,,,,,,,,,,,,,,,,,,,,,,,,,,,,,,,,,,,,,,,,,,,,,,,,
,,,,,,,,,,,,,,,,,,,,,,,,,,,,,,,,,,,,,,,,,,,,,,,,,,,,,,,,,,,,,,
,,,,,,,,,,,,,,,,,,,,,,,,,,,,,,,,,,,,,,,,,,,,,,,,,,,,,,,,,,,,,,
,,,,,,,,,,,,,,,,,,,,,,,,,,,,,,,,,,,,,,,,,,,,,,,,,,,,,,,,,,,,,,
,,,,,,,,,,,,,,,,,,,,,,,,,,,,,,,,,,,,,,,,,,,,,,,,,,,,,,,,,,,,,,
,,,,,,,,,,,,,,,,,,,,,,,,,,,,,,,,,,,,,,,,,,,,,,,,,,,,,,,,,,,,,,
,,,,,,,,,,,,,,,,,,,,,,,,,,,,,,,,,,,,,,,,,,,,,,,,,,,,,,,,,,,,,,
,,,,,,,,,,,,,,,,,,,,,,,,,,,,,,,,,,,,,,,,,,,,,,,,,,,,,,,,,,,,,,
,,,,,,,,,,,,,,,,,,,,,,,,,,,,,,,,,,,,,,,,,,,,,,,,,,,,,,,,,,,,,,
,,,,,,,,,,,,,,,,,,,,,,,,,,,,,,,,,,,,,,,,,,,,,,,,,,,,,,,,,,,,,,
,,,,,,,,,,,,,,,,,,,,,,,,,,,,,,,,,,,,,,,,,,,,,,,,,,,,,,,,,,,,,,
,,,,,,,,,,,,,,,,,,,,,,,,,,,,,,,,,,,,,,,,,,,,,,,,,,,,,,,,,,,,,,
# ALIASES I DON'T WANT,,,,,,,,,,,,,,,,,,,,,,,,,,,,,,,,,,,,,,,,,,,,,,,,,,,,,,,,,,,,,,
zmb_zombies_vocal_attack,,evt_3d,,,,,,,,,,,,,,,,,,,,,,,,,,,,,,,,,,,,,,,,,,,,,,,,,,,,,,,,,,,,
wpn_flamerthrower_off,,evt_3d,,,,,,,,,,,,,,,,,,,,,,,,,,,,,,,,,,,,,,,,,,,,,,,,,,,,,,,,,,,,
weap_raise_plr,,evt_3d,,,,,,,,,,,,,,,,,,,,,,,,,,,,,,,,,,,,,,,,,,,,,,,,,,,,,,,,,,,,
aml_dog_die_front,,evt_3d,,,,,,,,,,,,,,,,,,,,,,,,,,,,,,,,,,,,,,,,,,,,,,,,,,,,,,,,,,,,
aml_chicken_cluck,,evt_3d,,,,,,,,,,,,,,,,,,,,,,,,,,,,,,,,,,,,,,,,,,,,,,,,,,,,,,,,,,,,
aml_chicken_wing_small,,evt_3d,,,,,,,,,,,,,,,,,,,,,,,,,,,,,,,,,,,,,,,,,,,,,,,,,,,,,,,,,,,,
aml_chicken_wing_large,,evt_3d,,,,,,,,,,,,,,,,,,,,,,,,,,,,,,,,,,,,,,,,,,,,,,,,,,,,,,,,,,,,
aml_dog_idle_look,,evt_3d,,,,,,,,,,,,,,,,,,,,,,,,,,,,,,,,,,,,,,,,,,,,,,,,,,,,,,,,,,,,
aml_dog_run_start,,evt_3d,,,,,,,,,,,,,,,,,,,,,,,,,,,,,,,,,,,,,,,,,,,,,,,,,,,,,,,,,,,,
aml_dog_bark,,evt_3d,,,,,,,,,,,,,,,,,,,,,,,,,,,,,,,,,,,,,,,,,,,,,,,,,,,,,,,,,,,,
aml_dog_growl,,evt_3d,,,,,,,,,,,,,,,,,,,,,,,,,,,,,,,,,,,,,,,,,,,,,,,,,,,,,,,,,,,,
fly_dog_step_run_default,,evt_3d,,,,,,,,,,,,,,,,,,,,,,,,,,,,,,,,,,,,,,,,,,,,,,,,,,,,,,,,,,,,
aml_dog_attack_jump,,evt_3d,,,,,,,,,,,,,,,,,,,,,,,,,,,,,,,,,,,,,,,,,,,,,,,,,,,,,,,,,,,,
evt_fake_rockets,,evt_3d,,,,,,,,,,,,,,,,,,,,,,,,,,,,,,,,,,,,,,,,,,,,,,,,,,,,,,,,,,,,
wpn_gl_rifle_1straise_plr,,evt_3d,,,,,,,,,,,,,,,,,,,,,,,,,,,,,,,,,,,,,,,,,,,,,,,,,,,,,,,,,,,,
wpn_m60e4_raise_plr,,evt_3d,,,,,,,,,,,,,,,,,,,,,,,,,,,,,,,,,,,,,,,,,,,,,,,,,,,,,,,,,,,,
wpn_spas_1straise_plr,,evt_3d,,,,,,,,,,,,,,,,,,,,,,,,,,,,,,,,,,,,,,,,,,,,,,,,,,,,,,,,,,,,
wpn_rpg_1straise_plr,,evt_3d,,,,,,,,,,,,,,,,,,,,,,,,,,,,,,,,,,,,,,,,,,,,,,,,,,,,,,,,,,,,
wpn_minigun_1straise_plr,,evt_3d,,,,,,,,,,,,,,,,,,,,,,,,,,,,,,,,,,,,,,,,,,,,,,,,,,,,,,,,,,,,
zmb_zombie_vocals_amb,,evt_3d,,,,,,,,,,,,,,,,,,,,,,,,,,,,,,,,,,,,,,,,,,,,,,,,,,,,,,,,,,,,
zmb_zombie_vocals_sprint,,evt_3d,,,,,,,,,,,,,,,,,,,,,,,,,,,,,,,,,,,,,,,,,,,,,,,,,,,,,,,,,,,,
zmb_zombie_vocals_attack,,evt_3d,,,,,,,,,,,,,,,,,,,,,,,,,,,,,,,,,,,,,,,,,,,,,,,,,,,,,,,,,,,,
zmb_quad_spawn,,evt_3d,,,,,,,,,,,,,,,,,,,,,,,,,,,,,,,,,,,,,,,,,,,,,,,,,,,,,,,,,,,,
zmb_quad_close,,evt_3d,,,,,,,,,,,,,,,,,,,,,,,,,,,,,,,,,,,,,,,,,,,,,,,,,,,,,,,,,,,,
zmb_quad_vox,,evt_3d,,,,,,,,,,,,,,,,,,,,,,,,,,,,,,,,,,,,,,,,,,,,,,,,,,,,,,,,,,,,
zmb_engineer_vocals_amb,,evt_3d,,,,,,,,,,,,,,,,,,,,,,,,,,,,,,,,,,,,,,,,,,,,,,,,,,,,,,,,,,,,
zmb_engineer_vocals_hit,,evt_3d,,,,,,,,,,,,,,,,,,,,,,,,,,,,,,,,,,,,,,,,,,,,,,,,,,,,,,,,,,,,
zmb_engineer_vocals_attack,,evt_3d,,,,,,,,,,,,,,,,,,,,,,,,,,,,,,,,,,,,,,,,,,,,,,,,,,,,,,,,,,,,
zmb_engineer_vocals_death,,evt_3d,,,,,,,,,,,,,,,,,,,,,,,,,,,,,,,,,,,,,,,,,,,,,,,,,,,,,,,,,,,,
amb_fire_manager_0,,evt_3d,,,ambience,94,94,,10000,40000,50000,,,,,,,,,-88,84,,25,80,0.25,1,3d,,looping,,,,,,,,,,,,,,,,,,,,,,,,,,,,,,,,,ambience
amb_fire_manager_1,,evt_3d,,,ambience,94,94,,10000,40000,50000,,,,,,,,,-88,84,,25,80,0.25,1,3d,,looping,,,,,,,,,,,,,,,,,,,,,,,,,,,,,,,,,ambience
amb_fire_manager_2,,evt_3d,,,ambience,94,94,,10000,40000,50000,,,,,,,,,-88,84,,25,80,0.25,1,3d,,looping,,,,,,,,,,,,,,,,,,,,,,,,,,,,,,,,,ambience
amb_fire_manager_3,,evt_3d,,,ambience,94,94,,10000,40000,50000,,,,,,,,,-88,84,,25,80,0.25,1,3d,,looping,,,,,,,,,,,,,,,,,,,,,,,,,,,,,,,,,ambience
amb_fire_manager_4,,evt_3d,,,ambience,94,94,,10000,40000,50000,,,,,,,,,-88,84,,25,80,0.25,1,3d,,looping,,,,,,,,,,,,,,,,,,,,,,,,,,,,,,,,,ambience
amb_fire_manager_5,,evt_3d,,,ambience,94,94,,10000,40000,50000,,,,,,,,,-88,84,,25,80,0.25,1,3d,,looping,,,,,,,,,,,,,,,,,,,,,,,,,,,,,,,,,ambience
amb_fire_manager_6,,evt_3d,,,ambience,94,94,,10000,40000,50000,,,,,,,,,-88,84,,25,80,0.25,1,3d,,looping,,,,,,,,,,,,,,,,,,,,,,,,,,,,,,,,,ambience
amb_fire_manager_7,,evt_3d,,,ambience,94,94,,10000,40000,50000,,,,,,,,,-88,84,,25,80,0.25,1,3d,,looping,,,,,,,,,,,,,,,,,,,,,,,,,,,,,,,,,ambience
wpn_flamethrower_foley_F,,evt_3d,,,,,,,,,,,,,,,,,,,,,,,,,,,,,,,,,,,,,,,,,,,,,,,,,,,,,,,,,,,,wpn_npc
